,PlayerName,Tm,G,GS,FG,FGA,FGAver,3P,3PA,3PAver,2P,2PA,2PAver,FT,FTA,FTAver,ORB,DRB,TRB,AST,STL,BLK,TOV,PF,PTS
0,Kemba Walker,CHA,82,82,8.9,20.5,0.434,3.2,8.9,0.35600000000000004,5.7,11.6,0.494,4.6,5.5,0.8440000000000001,0.6,3.8,4.4,5.9,1.2,0.4,-2.6,-1.6,25.6
1,Kentavious Caldwell-,LAL,82,23,4.0,9.2,0.43,1.8,5.3,0.34700000000000003,2.1,3.9,0.542,1.7,1.9,0.867,0.6,2.3,2.9,1.3,0.9,0.2,-0.8,-1.7,11.4
2,Mason Plumlee,DEN,82,17,3.2,5.4,0.593,0.0,0.1,0.2,3.2,5.3,0.602,1.4,2.4,0.561,2.0,4.4,6.4,3.0,0.8,0.9,-1.5,-3.1,7.8
3,Mikal Bridges,PHX,82,56,3.0,6.9,0.43,1.3,3.8,0.335,1.7,3.0,0.5479999999999999,1.2,1.4,0.805,0.7,2.5,3.2,2.1,1.6,0.5,-0.9,-2.5,8.3
4,Monte Morris,DEN,82,6,4.2,8.6,0.493,1.1,2.8,0.414,3.1,5.8,0.531,0.8,1.0,0.802,0.4,1.9,2.4,3.6,0.9,0.0,-0.6,-1.2,10.4
5,Montrezl Harrell,LAC,82,5,6.7,10.8,0.615,0.0,0.2,0.17600000000000002,6.6,10.6,0.623,3.2,5.0,0.643,2.2,4.3,6.5,2.0,0.9,1.3,-1.6,-3.1,16.6
6,P.J. Tucker,HOU,82,82,2.5,6.4,0.396,1.8,4.7,0.377,0.7,1.7,0.449,0.5,0.7,0.695,1.5,4.4,5.8,1.2,1.6,0.5,-0.8,-3.1,7.3
7,Patty Mills,SAS,82,1,3.4,8.1,0.425,1.9,4.9,0.39399999999999996,1.5,3.2,0.475,1.1,1.3,0.8540000000000001,0.3,1.9,2.2,3.0,0.6,0.1,-1.1,-1.6,9.9
8,Reggie Jackson,DET,82,82,5.4,12.8,0.42100000000000004,2.1,5.7,0.369,3.3,7.0,0.46399999999999997,2.5,2.9,0.8640000000000001,0.5,2.1,2.6,4.2,0.7,0.1,-1.8,-2.5,15.4
9,Royce O'Neale,UTA,82,16,2.0,4.2,0.475,0.8,2.1,0.386,1.2,2.0,0.569,0.4,0.5,0.762,0.3,3.2,3.5,1.5,0.7,0.3,-0.9,-2.1,5.2
10,Shai Gilgeous-Alexan,LAC,82,73,4.2,8.7,0.47600000000000003,0.6,1.7,0.36700000000000005,3.5,7.0,0.503,1.9,2.4,0.8,0.7,2.1,2.8,3.3,1.2,0.5,-1.7,-2.1,10.8
11,Bam Adebayo,MIA,82,28,3.4,5.9,0.5760000000000001,0.0,0.2,0.2,3.4,5.7,0.588,2.0,2.8,0.735,2.0,5.3,7.3,2.2,0.9,0.8,-1.5,-2.5,8.9
12,Bradley Beal,WAS,82,82,9.3,19.6,0.475,2.5,7.3,0.35100000000000003,6.8,12.4,0.5479999999999999,4.4,5.5,0.8079999999999999,1.1,3.9,5.0,5.5,1.5,0.7,-2.7,-2.8,25.6
13,Bryn Forbes,SAS,82,81,4.4,9.6,0.456,2.1,5.0,0.426,2.3,4.6,0.489,0.8,1.0,0.885,0.2,2.7,2.9,2.1,0.5,0.0,-1.0,-1.9,11.8
14,Buddy Hield,SAC,82,82,7.6,16.6,0.45799999999999996,3.4,7.9,0.42700000000000005,4.2,8.6,0.48700000000000004,2.1,2.4,0.8859999999999999,1.3,3.7,5.0,2.5,0.7,0.4,-1.8,-2.5,20.7
15,Collin Sexton,CLE,82,72,6.3,14.7,0.43,1.5,3.6,0.402,4.9,11.1,0.44,2.6,3.1,0.8390000000000001,0.7,2.2,2.9,3.0,0.5,0.1,-2.3,-2.3,16.7
16,Cory Joseph,IND,82,9,2.8,6.7,0.41200000000000003,0.7,2.1,0.322,2.1,4.6,0.45399999999999996,0.4,0.5,0.698,0.5,2.9,3.4,3.9,1.1,0.3,-1.0,-1.6,6.5
17,DeAndre' Bembry,ATL,82,15,3.4,7.5,0.446,0.6,2.1,0.289,2.7,5.4,0.508,1.1,1.7,0.64,0.7,3.7,4.4,2.5,1.3,0.5,-1.7,-2.3,8.4
18,Joe Ingles,UTA,82,82,4.4,9.8,0.44799999999999995,2.3,5.9,0.391,2.1,3.9,0.5329999999999999,1.1,1.5,0.7070000000000001,0.4,3.6,4.0,5.7,1.2,0.2,-2.4,-2.2,12.1
19,Al-Farouq Aminu,POR,81,81,3.2,7.3,0.433,1.2,3.5,0.34299999999999997,2.0,3.9,0.514,1.9,2.1,0.867,1.4,6.1,7.5,1.3,0.8,0.4,-0.9,-1.8,9.4
20,Bojan Bogdanović,IND,81,81,6.4,13.0,0.49700000000000005,2.0,4.8,0.425,4.4,8.2,0.5379999999999999,3.0,3.8,0.807,0.4,3.7,4.1,2.0,0.9,0.0,-1.7,-1.7,18.0
21,Brook Lopez,MIL,81,81,4.4,9.7,0.452,2.3,6.3,0.365,2.1,3.4,0.613,1.4,1.6,0.8420000000000001,0.4,4.5,4.9,1.2,0.6,2.2,-1.0,-2.3,12.5
22,D.J. Augustin,ORL,81,81,3.9,8.4,0.47,1.6,3.8,0.42100000000000004,2.3,4.5,0.511,2.2,2.6,0.866,0.5,2.0,2.5,5.3,0.6,0.0,-1.6,-1.4,11.7
23,D'Angelo Russell,BKN,81,81,8.1,18.7,0.434,2.9,7.8,0.369,5.2,10.9,0.48200000000000004,2.0,2.5,0.78,0.7,3.2,3.9,7.0,1.2,0.2,-3.1,-1.7,21.1
24,De'Aaron Fox,SAC,81,81,6.2,13.6,0.45799999999999996,1.1,2.9,0.371,5.2,10.7,0.48200000000000004,3.7,5.1,0.727,0.5,3.2,3.8,7.3,1.6,0.6,-2.8,-2.5,17.3
25,Dorian Finney-Smith,DAL,81,26,2.8,6.5,0.43200000000000005,1.0,3.1,0.311,1.8,3.4,0.544,0.9,1.3,0.7090000000000001,1.7,3.1,4.8,1.2,0.9,0.4,-0.9,-2.3,7.5
26,Ed Davis,BKN,81,1,2.3,3.7,0.616,0.0,0.0,0.0,2.3,3.7,0.62,1.2,2.0,0.617,2.7,5.9,8.6,0.8,0.4,0.4,-0.8,-2.8,5.8
27,Evan Fournier,ORL,81,81,5.8,13.2,0.43799999999999994,1.9,5.6,0.34,3.9,7.6,0.509,1.7,2.1,0.8059999999999999,0.5,2.7,3.2,3.6,0.9,0.1,-1.9,-2.8,15.1
28,Jordan Clarkson,CLE,81,0,6.5,14.6,0.44799999999999995,1.8,5.5,0.324,4.8,9.1,0.524,2.0,2.4,0.8440000000000001,1.0,2.3,3.3,2.4,0.7,0.2,-1.7,-1.4,16.8
29,LaMarcus Aldridge,SAS,81,81,8.4,16.3,0.519,0.1,0.5,0.23800000000000002,8.3,15.8,0.528,4.3,5.1,0.847,3.1,6.1,9.2,2.4,0.5,1.3,-1.8,-2.2,21.3
30,Malik Beasley,DEN,81,18,4.3,9.1,0.474,2.0,5.0,0.402,2.3,4.1,0.56,0.7,0.8,0.848,0.4,2.0,2.5,1.2,0.7,0.1,-0.7,-1.4,11.3
31,Rudy Gobert,UTA,81,80,5.9,8.8,0.669,0.0,0.0,0.0,5.9,8.8,0.669,4.1,6.4,0.636,3.8,9.0,12.9,2.0,0.8,2.3,-1.6,-2.9,15.9
32,Terrence Ross,ORL,81,0,5.4,12.7,0.428,2.7,7.0,0.38299999999999995,2.8,5.7,0.484,1.6,1.8,0.875,0.3,3.1,3.5,1.7,0.9,0.4,-1.1,-1.5,15.1
33,Thaddeus Young,IND,81,81,5.5,10.4,0.527,0.6,1.8,0.349,4.8,8.6,0.564,1.1,1.7,0.644,2.4,4.1,6.5,2.5,1.5,0.4,-1.5,-2.4,12.6
34,Trae Young,ATL,81,81,6.5,15.5,0.418,1.9,6.0,0.324,4.6,9.6,0.47700000000000004,4.2,5.1,0.8290000000000001,0.8,2.9,3.7,8.1,0.9,0.2,-3.8,-1.7,19.1
35,Willie Cauley-Stein,SAC,81,81,5.1,9.1,0.556,0.0,0.0,0.5,5.1,9.1,0.556,1.7,3.1,0.551,2.2,6.1,8.4,2.4,1.2,0.6,-1.0,-2.8,11.9
36,Kevon Looney,GSW,80,24,2.7,4.3,0.625,0.0,0.1,0.1,2.7,4.2,0.6409999999999999,0.8,1.3,0.619,2.4,2.8,5.2,1.5,0.6,0.7,-0.6,-2.6,6.3
37,Marcus Smart,BOS,80,60,3.0,7.1,0.42200000000000004,1.6,4.3,0.364,1.4,2.8,0.511,1.3,1.6,0.8059999999999999,0.7,2.2,2.9,4.0,1.8,0.4,-1.5,-2.5,8.9
38,Miles Bridges,CHA,80,25,3.0,6.4,0.46399999999999997,0.8,2.5,0.325,2.2,3.9,0.5529999999999999,0.7,1.0,0.753,0.8,3.2,4.0,1.2,0.7,0.6,-0.6,-1.4,7.5
39,Nikola Jokić,DEN,80,80,7.7,15.1,0.511,1.0,3.4,0.307,6.7,11.7,0.569,3.6,4.4,0.821,2.9,8.0,10.8,7.3,1.4,0.7,-3.1,-2.9,20.1
40,Nikola Vučević,ORL,80,80,8.8,16.9,0.518,1.1,2.9,0.364,7.7,14.0,0.5489999999999999,2.2,2.8,0.789,2.8,9.2,12.0,3.8,1.0,1.1,-2.0,-2.0,20.8
41,Pascal Siakam,TOR,80,79,6.5,11.8,0.5489999999999999,1.0,2.7,0.369,5.5,9.1,0.602,3.0,3.8,0.785,1.6,5.3,6.9,3.1,0.9,0.7,-1.9,-3.0,16.9
42,Steven Adams,OKC,80,80,6.0,10.1,0.595,0.0,0.0,0.0,6.0,10.1,0.596,1.8,3.7,0.5,4.9,4.6,9.5,1.6,1.5,1.0,-1.7,-2.6,13.9
43,Tomáš Satoranský,WAS,80,54,3.2,6.6,0.485,0.8,2.0,0.395,2.4,4.6,0.524,1.6,2.0,0.8190000000000001,1.0,2.5,3.5,5.0,1.0,0.2,-1.5,-2.2,8.9
44,Damian Lillard,POR,80,80,8.5,19.2,0.444,3.0,8.0,0.369,5.6,11.1,0.499,5.9,6.4,0.912,0.9,3.8,4.6,6.9,1.1,0.4,-2.7,-1.9,25.8
45,Danny Green,TOR,80,80,3.7,7.9,0.465,2.5,5.4,0.455,1.2,2.4,0.48700000000000004,0.5,0.6,0.841,0.8,3.2,4.0,1.6,0.9,0.7,-0.9,-2.1,10.3
46,Jae Crowder,UTA,80,11,4.0,10.0,0.39899999999999997,2.2,6.5,0.331,1.8,3.4,0.527,1.8,2.5,0.721,0.8,4.1,4.8,1.7,0.8,0.4,-1.1,-2.1,11.9
47,Jarrett Allen,BKN,80,80,4.2,7.1,0.59,0.1,0.6,0.133,4.1,6.5,0.629,2.5,3.5,0.7090000000000001,2.4,6.0,8.4,1.4,0.5,1.5,-1.3,-2.3,10.9
48,Jerami Grant,OKC,80,77,5.1,10.3,0.49700000000000005,1.4,3.7,0.392,3.7,6.6,0.555,2.0,2.8,0.71,1.2,4.0,5.2,1.0,0.8,1.3,-0.8,-2.7,13.6
49,Andre Drummond,DET,79,79,7.1,13.3,0.5329999999999999,0.1,0.5,0.132,7.0,12.8,0.5479999999999999,3.1,5.2,0.59,5.4,10.2,15.6,1.4,1.7,1.7,-2.2,-3.4,17.3
50,Ben Simmons,PHI,79,79,6.8,12.2,0.563,0.0,0.1,0.0,6.8,12.1,0.5660000000000001,3.3,5.4,0.6,2.2,6.6,8.8,7.7,1.4,0.8,-3.5,-2.6,16.9
51,Dennis Schröder,OKC,79,14,5.8,14.0,0.414,1.6,4.6,0.341,4.2,9.4,0.45,2.4,2.9,0.8190000000000001,0.5,3.1,3.6,4.1,0.8,0.2,-2.2,-2.4,15.5
52,Jayson Tatum,BOS,79,79,5.9,13.1,0.45,1.5,3.9,0.373,4.4,9.2,0.483,2.5,2.9,0.855,0.9,5.2,6.0,2.1,1.1,0.7,-1.5,-2.1,15.7
53,Jeremy Lamb,CHA,79,55,5.5,12.4,0.44,1.5,4.2,0.348,4.0,8.2,0.48700000000000004,2.9,3.3,0.888,0.8,4.7,5.5,2.2,1.1,0.4,-1.0,-1.8,15.3
54,Josh Jackson,PHX,79,29,4.4,10.6,0.413,0.9,2.8,0.324,3.5,7.8,0.445,1.8,2.7,0.6709999999999999,0.8,3.6,4.4,2.3,0.9,0.7,-2.2,-2.6,11.5
55,Kelly Olynyk,MIA,79,36,3.3,7.1,0.46299999999999997,1.4,4.0,0.354,1.9,3.1,0.604,1.9,2.3,0.8220000000000001,0.9,3.8,4.7,1.8,0.7,0.5,-1.4,-2.3,10.0
56,Marco Belinelli,SAS,79,1,3.6,8.7,0.413,1.9,5.0,0.37200000000000005,1.7,3.7,0.46799999999999997,1.4,1.6,0.903,0.2,2.3,2.5,1.7,0.4,0.1,-0.9,-1.5,10.5
57,Terry Rozier,BOS,79,14,3.3,8.4,0.387,1.5,4.3,0.353,1.8,4.2,0.42200000000000004,0.9,1.2,0.785,0.4,3.5,3.9,2.9,0.9,0.3,-0.9,-1.3,9.0
58,Patrick Beverley,LAC,78,49,2.5,6.1,0.40700000000000003,1.4,3.6,0.397,1.1,2.5,0.42100000000000004,1.2,1.6,0.78,1.0,4.0,5.0,3.8,0.9,0.6,-1.1,-3.4,7.6
59,Aaron Gordon,ORL,78,78,6.0,13.4,0.449,1.6,4.4,0.349,4.5,9.0,0.499,2.4,3.2,0.731,1.7,5.7,7.4,3.7,0.7,0.7,-2.1,-2.2,16.0
60,Eric Bledsoe,MIL,78,78,6.0,12.4,0.484,1.6,4.8,0.32899999999999996,4.4,7.6,0.5820000000000001,2.3,3.0,0.75,1.1,3.6,4.6,5.5,1.5,0.4,-2.1,-2.0,15.9
61,James Harden,HOU,78,78,10.8,24.5,0.442,4.8,13.2,0.368,6.0,11.3,0.528,9.7,11.0,0.879,0.8,5.8,6.6,7.5,2.0,0.7,-5.0,-3.1,36.1
62,Alex Len,ATL,77,31,4.2,8.4,0.494,1.0,2.6,0.363,3.2,5.8,0.5539999999999999,1.8,2.8,0.648,2.1,3.5,5.5,1.1,0.4,0.9,-1.3,-2.6,11.1
63,DeMar DeRozan,SAS,77,77,8.2,17.1,0.48100000000000004,0.1,0.6,0.156,8.1,16.5,0.49200000000000005,4.8,5.7,0.83,0.7,5.3,6.0,6.2,1.1,0.5,-2.6,-2.3,21.2
64,Donovan Mitchell,UTA,77,77,8.6,19.9,0.43200000000000005,2.4,6.7,0.36200000000000004,6.1,13.1,0.46799999999999997,4.1,5.1,0.8059999999999999,0.8,3.3,4.1,4.2,1.4,0.4,-2.8,-2.7,23.8
65,Doug McDermott,IND,77,1,2.7,5.5,0.491,1.1,2.7,0.408,1.6,2.8,0.569,0.9,1.0,0.835,0.2,1.2,1.4,0.9,0.2,0.1,-0.5,-1.4,7.3
66,Dwight Powell,DAL,77,22,3.8,6.3,0.597,0.5,1.6,0.307,3.3,4.7,0.6990000000000001,2.5,3.3,0.772,1.8,3.5,5.3,1.5,0.6,0.6,-0.9,-2.6,10.6
67,Jakob Poeltl,SAS,77,24,2.4,3.8,0.645,0.0,0.0,0.0,2.4,3.8,0.645,0.6,1.2,0.5329999999999999,2.3,3.0,5.3,1.2,0.4,0.9,-0.6,-1.6,5.5
68,Jeff Green,WAS,77,44,4.2,8.9,0.475,1.4,4.2,0.34700000000000003,2.8,4.8,0.586,2.4,2.7,0.888,0.7,3.3,4.0,1.8,0.6,0.5,-1.3,-2.1,12.3
69,Karl-Anthony Towns,MIN,77,77,8.8,17.1,0.518,1.8,4.6,0.4,7.0,12.5,0.562,4.9,5.8,0.836,3.4,9.0,12.4,3.4,0.9,1.6,-3.1,-3.8,24.4
70,Khris Middleton,MIL,77,77,6.6,14.9,0.441,2.3,6.2,0.37799999999999995,4.2,8.8,0.485,2.8,3.4,0.8370000000000001,0.6,5.3,6.0,4.3,1.0,0.1,-2.3,-2.2,18.3
71,Nemanja Bjelica,SAC,77,70,3.7,7.7,0.479,1.3,3.3,0.401,2.4,4.4,0.539,0.9,1.2,0.7609999999999999,1.6,4.1,5.8,1.9,0.7,0.7,-1.1,-2.6,9.6
72,Nerlens Noel,OKC,77,2,2.1,3.6,0.5870000000000001,0.0,0.0,0.0,2.1,3.6,0.5870000000000001,0.7,1.0,0.684,1.6,2.6,4.2,0.6,0.9,1.2,-0.6,-2.2,4.9
73,Paul George,OKC,77,77,9.2,21.0,0.43799999999999994,3.8,9.8,0.386,5.4,11.1,0.484,5.9,7.0,0.8390000000000001,1.4,6.8,8.2,4.1,2.2,0.4,-2.7,-2.8,28.0
74,Zach Collins,POR,77,0,2.5,5.2,0.473,0.5,1.6,0.331,1.9,3.6,0.534,1.2,1.6,0.746,1.4,2.8,4.2,0.9,0.3,0.9,-1.0,-2.3,6.6
75,T.J. McConnell,PHI,76,3,2.9,5.5,0.525,0.2,0.6,0.33299999999999996,2.7,5.0,0.546,0.4,0.5,0.784,0.4,1.9,2.3,3.4,1.0,0.2,-1.2,-1.4,6.4
76,Vince Carter,ATL,76,9,2.6,6.2,0.419,1.6,4.2,0.389,1.0,2.0,0.48,0.6,0.9,0.7120000000000001,0.4,2.1,2.6,1.1,0.6,0.4,-0.6,-1.9,7.4
77,Cedi Osman,CLE,76,75,4.7,11.1,0.42700000000000005,1.7,4.9,0.348,3.0,6.2,0.489,1.9,2.4,0.779,0.6,4.1,4.7,2.6,0.8,0.1,-1.5,-2.6,13.0
78,Dāvis Bertāns,SAS,76,12,2.7,6.0,0.45,1.9,4.4,0.429,0.8,1.5,0.513,0.7,0.8,0.883,0.3,3.2,3.5,1.3,0.5,0.4,-0.6,-1.8,8.0
79,Derrick Favors,UTA,76,70,4.8,8.1,0.586,0.2,1.0,0.218,4.6,7.1,0.64,2.0,3.0,0.675,2.7,4.6,7.4,1.2,0.7,1.4,-1.1,-2.1,11.8
80,Gorgui Dieng,MIN,76,2,2.5,5.0,0.501,0.3,0.7,0.33899999999999997,2.2,4.2,0.53,1.2,1.4,0.83,1.1,3.0,4.1,0.9,0.6,0.5,-0.8,-1.8,6.4
81,J.J. Redick,PHI,76,63,5.9,13.5,0.44,3.2,8.0,0.397,2.8,5.6,0.502,3.0,3.4,0.894,0.3,2.2,2.4,2.7,0.4,0.2,-1.3,-1.7,18.1
82,Joe Harris,BKN,76,76,4.9,9.8,0.5,2.4,5.1,0.474,2.5,4.8,0.528,1.4,1.8,0.8270000000000001,0.7,3.1,3.8,2.4,0.5,0.2,-1.6,-2.4,13.7
83,Jamal Murray,DEN,75,74,6.8,15.6,0.43700000000000006,2.0,5.5,0.36700000000000005,4.8,10.1,0.47600000000000003,2.5,3.0,0.848,0.9,3.4,4.2,4.8,0.9,0.4,-2.1,-2.0,18.2
84,JaVale McGee,LAL,75,62,5.3,8.5,0.624,0.0,0.2,0.083,5.3,8.4,0.634,1.3,2.0,0.632,2.6,4.9,7.5,0.7,0.6,2.0,-1.4,-2.8,12.0
85,Jonathan Isaac,ORL,75,64,3.5,8.1,0.429,1.1,3.5,0.32299999999999995,2.3,4.6,0.51,1.5,1.8,0.815,1.3,4.2,5.5,1.1,0.8,1.3,-1.0,-1.9,9.6
86,Kevin Huerter,ATL,75,59,3.7,8.8,0.419,1.8,4.7,0.385,1.9,4.1,0.457,0.5,0.7,0.732,0.8,2.5,3.3,2.9,0.9,0.3,-1.5,-2.1,9.7
87,Kevin Knox,NYK,75,57,4.5,12.2,0.37,1.7,4.9,0.34299999999999997,2.8,7.3,0.387,2.2,3.0,0.7170000000000001,0.8,3.7,4.5,1.1,0.6,0.3,-1.5,-2.3,12.8
88,Lou Williams,LAC,75,1,6.5,15.2,0.425,1.4,3.9,0.361,5.1,11.3,0.447,5.7,6.5,0.8759999999999999,0.5,2.4,3.0,5.4,0.8,0.1,-2.4,-1.1,20.0
89,Marcus Morris,BOS,75,53,5.0,11.3,0.447,1.9,5.2,0.375,3.1,6.1,0.508,1.9,2.3,0.8440000000000001,1.0,5.1,6.1,1.5,0.6,0.3,-1.2,-2.4,13.9
90,Marvin Williams,CHA,75,75,3.7,8.7,0.42200000000000004,1.9,5.1,0.366,1.8,3.6,0.5,0.9,1.1,0.767,1.0,4.4,5.4,1.2,0.9,0.8,-0.6,-2.1,10.1
91,Nicolas Batum,CHA,75,72,3.4,7.5,0.45,1.5,4.0,0.389,1.8,3.5,0.519,1.0,1.2,0.865,0.9,4.3,5.2,3.3,0.9,0.6,-1.6,-1.9,9.3
92,Torrey Craig,DEN,75,37,2.1,4.8,0.442,0.8,2.5,0.324,1.3,2.3,0.569,0.7,0.9,0.7,1.2,2.3,3.5,1.0,0.5,0.6,-0.6,-2.3,5.7
93,Myles Turner,IND,74,74,5.1,10.5,0.48700000000000004,1.0,2.6,0.38799999999999996,4.1,7.9,0.521,2.0,2.7,0.736,1.4,5.8,7.2,1.6,0.8,2.7,-1.4,-2.6,13.3
94,Quinn Cook,GSW,74,10,2.8,5.9,0.465,1.1,2.7,0.405,1.7,3.2,0.515,0.3,0.4,0.769,0.3,1.8,2.1,1.6,0.3,0.0,-0.7,-1.2,6.9
95,Robin Lopez,CHI,74,36,4.1,7.2,0.568,0.1,0.4,0.226,4.0,6.8,0.589,1.2,1.7,0.7240000000000001,1.9,2.0,3.9,1.2,0.1,1.1,-1.3,-1.7,9.5
96,Serge Ibaka,TOR,74,51,6.3,11.9,0.529,0.7,2.3,0.29,5.6,9.6,0.586,1.8,2.4,0.763,2.1,6.0,8.1,1.3,0.4,1.4,-1.5,-2.9,15.0
97,Seth Curry,POR,74,2,2.9,6.3,0.456,1.5,3.4,0.45,1.3,2.9,0.46299999999999997,0.6,0.7,0.846,0.4,1.3,1.6,0.9,0.5,0.2,-0.8,-1.3,7.9
98,Terrance Ferguson,OKC,74,74,2.5,5.8,0.429,1.4,3.9,0.366,1.1,1.9,0.56,0.5,0.7,0.725,0.4,1.5,1.9,1.0,0.5,0.2,-0.6,-3.1,6.9
99,Bruce Brown,DET,74,56,1.7,4.2,0.39799999999999996,0.3,1.3,0.258,1.4,3.0,0.457,0.6,0.8,0.75,0.6,1.9,2.5,1.2,0.5,0.5,-0.6,-2.4,4.3
100,Domantas Sabonis,IND,74,5,5.6,9.5,0.59,0.1,0.2,0.529,5.5,9.2,0.5920000000000001,2.8,3.9,0.715,2.5,6.8,9.3,2.9,0.6,0.4,-2.2,-3.2,14.1
101,Jaylen Brown,BOS,74,25,5.0,10.7,0.465,1.3,3.7,0.344,3.7,7.0,0.529,1.8,2.7,0.6579999999999999,0.9,3.4,4.2,1.4,0.9,0.4,-1.3,-2.5,13.0
102,Josh Okogie,MIN,74,52,2.6,6.9,0.386,0.8,2.9,0.27899999999999997,1.8,4.0,0.46399999999999997,1.6,2.2,0.728,0.6,2.4,2.9,1.2,1.2,0.4,-0.9,-2.2,7.7
103,Andrew Wiggins,MIN,73,73,6.8,16.6,0.41200000000000003,1.6,4.8,0.33899999999999997,5.2,11.8,0.441,2.8,4.1,0.6990000000000001,1.1,3.7,4.8,2.5,1.0,0.7,-1.9,-2.1,18.1
104,Damyean Dotson,NYK,73,40,4.0,9.6,0.415,1.7,4.7,0.368,2.2,4.9,0.461,1.0,1.3,0.745,0.5,3.1,3.6,1.8,0.8,0.1,-1.0,-1.8,10.7
105,Evan Turner,POR,73,2,2.8,6.1,0.46,0.2,0.7,0.212,2.6,5.4,0.494,1.0,1.5,0.708,0.5,4.0,4.5,3.9,0.5,0.2,-1.6,-1.5,6.8
106,Jalen Brunson,DAL,73,38,3.6,7.7,0.467,0.9,2.5,0.348,2.8,5.3,0.523,1.2,1.6,0.725,0.3,2.0,2.3,3.2,0.5,0.1,-1.2,-1.7,9.3
107,Josh Richardson,MIA,73,73,5.8,14.1,0.41200000000000003,2.2,6.3,0.35700000000000004,3.5,7.8,0.45799999999999996,2.7,3.2,0.861,0.7,2.9,3.6,4.1,1.1,0.5,-1.5,-2.7,16.6
108,Julius Randle,NOP,73,49,7.8,14.9,0.524,0.9,2.7,0.344,6.9,12.2,0.564,4.9,6.7,0.731,2.2,6.5,8.7,3.1,0.7,0.6,-2.8,-3.4,21.4
109,Malik Monk,CHA,73,0,3.1,8.0,0.387,1.5,4.5,0.33,1.6,3.5,0.461,1.2,1.4,0.882,0.2,1.7,1.9,1.6,0.5,0.3,-1.2,-1.5,8.9
110,Russell Westbrook,OKC,73,73,8.6,20.2,0.428,1.6,5.6,0.29,7.0,14.5,0.48100000000000004,4.1,6.2,0.6559999999999999,1.5,9.6,11.1,10.7,1.9,0.5,-4.5,-3.4,22.9
111,Shaquille Harrison,CHI,73,11,2.5,5.8,0.43200000000000005,0.3,1.2,0.27,2.2,4.6,0.475,1.1,1.7,0.667,0.5,2.6,3.0,1.9,1.2,0.4,-0.8,-1.7,6.5
112,Luka Dončić,DAL,72,72,7.0,16.5,0.42700000000000005,2.3,7.1,0.327,4.7,9.3,0.503,4.8,6.7,0.713,1.2,6.6,7.8,6.0,1.1,0.3,-3.4,-1.9,21.2
113,Thomas Bryant,WAS,72,53,4.3,7.0,0.616,0.5,1.4,0.33299999999999996,3.8,5.6,0.685,1.5,1.9,0.7809999999999999,1.6,4.7,6.3,1.3,0.3,0.9,-0.8,-1.8,10.5
114,Alfonzo McKinnie,GSW,72,5,1.9,3.8,0.48700000000000004,0.6,1.6,0.35600000000000004,1.3,2.2,0.586,0.4,0.7,0.563,1.1,2.3,3.4,0.4,0.3,0.2,-0.4,-1.9,4.7
115,Gordon Hayward,BOS,72,18,4.1,8.8,0.466,1.1,3.2,0.33299999999999996,3.0,5.6,0.542,2.2,2.6,0.8340000000000001,0.7,3.8,4.5,3.4,0.9,0.3,-1.5,-1.4,11.5
116,Hassan Whiteside,MIA,72,53,5.4,9.4,0.5710000000000001,0.0,0.2,0.125,5.4,9.2,0.581,1.5,3.4,0.449,3.6,7.8,11.3,0.8,0.6,1.9,-1.3,-2.7,12.3
117,Jusuf Nurkić,POR,72,72,5.8,11.5,0.508,0.0,0.4,0.10300000000000001,5.8,11.1,0.523,3.9,5.1,0.773,3.4,7.0,10.4,3.2,1.0,1.4,-2.3,-3.5,15.6
118,Deandre Ayton,PHX,71,70,7.2,12.3,0.585,0.0,0.1,0.0,7.2,12.2,0.588,2.0,2.7,0.746,3.1,7.1,10.3,1.8,0.9,0.9,-1.8,-2.9,16.3
119,Jake Layman,POR,71,33,3.0,6.0,0.509,0.8,2.5,0.326,2.2,3.4,0.6459999999999999,0.7,1.0,0.7040000000000001,0.8,2.3,3.1,0.7,0.4,0.4,-0.6,-1.6,7.6
120,Maxi Kleber,DAL,71,18,2.5,5.4,0.45299999999999996,1.1,3.1,0.353,1.4,2.4,0.583,0.8,1.0,0.784,1.3,3.4,4.6,1.0,0.5,1.1,-0.8,-2.0,6.8
121,Yogi Ferrell,SAC,71,3,2.2,5.0,0.435,0.8,2.1,0.36200000000000004,1.4,2.9,0.488,0.8,0.9,0.8959999999999999,0.2,1.4,1.5,1.9,0.5,0.1,-0.6,-0.9,5.9
122,Kyle Kuzma,LAL,70,68,7.1,15.5,0.456,1.8,6.0,0.303,5.3,9.5,0.5529999999999999,2.7,3.6,0.752,0.9,4.6,5.5,2.5,0.6,0.4,-1.9,-2.4,18.7
123,Mike Conley,MEM,70,70,7.0,16.0,0.43799999999999994,2.2,6.1,0.364,4.8,9.9,0.483,4.9,5.8,0.845,0.6,2.8,3.4,6.4,1.3,0.3,-1.9,-1.8,21.1
124,Paul Millsap,DEN,70,65,4.6,9.5,0.484,0.8,2.3,0.365,3.8,7.2,0.522,2.6,3.6,0.727,2.2,5.0,7.2,2.0,1.2,0.8,-1.4,-2.6,12.6
125,Richaun Holmes,PHX,70,4,3.2,5.2,0.608,0.0,0.0,0.0,3.2,5.2,0.608,1.8,2.5,0.731,1.6,3.1,4.7,0.9,0.6,1.1,-0.7,-2.8,8.2
126,Taj Gibson,MIN,70,57,4.3,7.7,0.5660000000000001,0.2,0.5,0.324,4.2,7.2,0.583,1.9,2.5,0.757,2.5,4.1,6.5,1.2,0.8,0.6,-1.0,-2.7,10.8
127,Bogdan Bogdanović,SAC,70,17,5.2,12.3,0.418,1.9,5.3,0.36,3.2,7.0,0.462,1.9,2.3,0.8270000000000001,0.6,2.9,3.5,3.8,1.0,0.2,-1.7,-2.0,14.1
128,CJ McCollum,POR,70,70,8.2,17.8,0.45899999999999996,2.4,6.4,0.375,5.8,11.4,0.506,2.3,2.7,0.828,0.9,3.1,4.0,3.0,0.8,0.4,-1.5,-2.5,21.0
129,Juan Hernangómez,DEN,70,25,2.0,4.5,0.439,0.9,2.6,0.365,1.0,1.9,0.541,0.9,1.2,0.767,0.9,2.9,3.8,0.8,0.4,0.3,-0.5,-1.3,5.8
130,Rudy Gay,SAS,69,51,5.4,10.8,0.504,1.1,2.7,0.402,4.4,8.1,0.537,1.7,2.1,0.816,0.9,5.9,6.8,2.6,0.8,0.5,-1.7,-2.3,13.7
131,Stephen Curry,GSW,69,69,9.2,19.4,0.47200000000000003,5.1,11.7,0.43700000000000006,4.0,7.7,0.525,3.8,4.2,0.9159999999999999,0.7,4.7,5.3,5.2,1.3,0.4,-2.8,-2.4,27.3
132,Noah Vonleh,NYK,68,57,3.0,6.5,0.47,0.7,2.0,0.336,2.4,4.5,0.531,1.6,2.3,0.7120000000000001,1.7,6.1,7.8,1.9,0.7,0.8,-1.3,-2.6,8.4
133,Ricky Rubio,UTA,68,67,4.3,10.7,0.40399999999999997,1.2,3.7,0.311,3.2,7.0,0.45399999999999996,2.9,3.4,0.855,0.5,3.1,3.6,6.1,1.3,0.1,-2.6,-2.6,12.7
134,Spencer Dinwiddie,BKN,68,4,5.4,12.2,0.442,1.8,5.4,0.335,3.6,6.7,0.528,4.2,5.2,0.8059999999999999,0.4,2.1,2.4,4.6,0.6,0.3,-2.2,-2.8,16.8
135,Tyus Jones,MIN,68,23,2.7,6.6,0.415,0.6,1.9,0.317,2.1,4.7,0.45299999999999996,0.9,1.0,0.841,0.3,1.6,2.0,4.8,1.2,0.1,-0.7,-1.1,6.9
136,Wesley Iwundu,ORL,68,13,1.7,4.0,0.41200000000000003,0.4,1.2,0.36700000000000005,1.2,2.9,0.431,1.2,1.5,0.816,0.5,2.2,2.7,1.1,0.4,0.3,-0.6,-1.8,5.0
137,Al Horford,BOS,68,68,5.7,10.6,0.535,1.1,3.0,0.36,4.6,7.6,0.604,1.1,1.4,0.821,1.8,5.0,6.7,4.2,0.9,1.3,-1.5,-1.9,13.6
138,Andre Iguodala,GSW,68,13,2.2,4.4,0.5,0.7,2.1,0.33299999999999996,1.5,2.3,0.652,0.6,1.0,0.5820000000000001,0.7,3.0,3.7,3.2,0.9,0.8,-0.8,-1.4,5.7
139,Danilo Gallinari,LAC,68,68,6.0,13.0,0.46299999999999997,2.4,5.5,0.433,3.6,7.5,0.484,5.4,6.0,0.904,0.8,5.3,6.1,2.6,0.7,0.3,-1.5,-1.9,19.8
140,Dario Šarić,MIN,68,28,3.8,8.3,0.45399999999999996,1.4,3.7,0.38299999999999995,2.3,4.6,0.511,1.5,1.8,0.875,1.5,3.9,5.5,1.5,0.6,0.1,-1.1,-2.1,10.5
141,Eric Gordon,HOU,68,53,5.6,13.8,0.409,3.2,8.8,0.36,2.5,5.0,0.49700000000000005,1.8,2.2,0.7829999999999999,0.3,1.9,2.2,1.9,0.6,0.4,-1.3,-2.1,16.2
142,Jordan Bell,GSW,68,3,1.5,2.8,0.516,0.0,0.0,0.0,1.5,2.8,0.521,0.4,0.6,0.61,0.8,1.9,2.7,1.1,0.3,0.8,-0.6,-1.2,3.3
143,Clint Capela,HOU,67,67,7.1,10.9,0.648,0.0,0.0,0.0,7.1,10.9,0.648,2.5,3.9,0.636,4.4,8.2,12.7,1.4,0.7,1.5,-1.4,-2.5,16.6
144,DeMarre Carroll,BKN,67,8,3.4,8.6,0.395,1.6,4.6,0.342,1.8,4.0,0.457,2.7,3.6,0.76,1.0,4.2,5.2,1.3,0.5,0.1,-1.1,-1.7,11.1
145,Derrick White,SAS,67,55,3.9,8.1,0.479,0.7,2.1,0.33799999999999997,3.2,6.0,0.529,1.4,1.8,0.772,0.5,3.2,3.7,3.9,1.0,0.7,-1.4,-2.2,9.9
146,Ersan İlyasova,MIL,67,7,2.5,5.7,0.43799999999999994,0.9,2.4,0.363,1.6,3.3,0.493,0.9,1.1,0.8240000000000001,1.4,3.1,4.5,0.8,0.5,0.3,-0.7,-2.6,6.8
147,Josh Hart,LAL,67,22,2.8,6.9,0.40700000000000003,1.4,4.1,0.336,1.4,2.8,0.511,0.8,1.2,0.688,0.5,3.2,3.7,1.4,1.0,0.6,-0.9,-2.2,7.8
148,Jrue Holiday,NOP,67,67,8.2,17.3,0.47200000000000003,1.8,5.4,0.325,6.4,11.9,0.539,3.1,4.0,0.768,1.1,3.9,5.0,7.7,1.6,0.8,-3.1,-2.2,21.2
149,Kent Bazemore,ATL,67,35,4.1,10.3,0.402,1.4,4.5,0.32,2.7,5.8,0.465,1.9,2.6,0.726,0.6,3.3,3.9,2.3,1.3,0.6,-1.8,-2.5,11.6
150,Kyrie Irving,BOS,67,67,9.0,18.5,0.48700000000000004,2.6,6.5,0.401,6.4,12.0,0.5329999999999999,3.2,3.7,0.873,1.1,3.9,5.0,6.9,1.5,0.5,-2.6,-2.5,23.8
151,Larry Nance Jr.,CLE,67,30,3.7,7.1,0.52,0.5,1.5,0.337,3.2,5.7,0.5670000000000001,1.4,2.0,0.716,2.5,5.7,8.2,3.2,1.5,0.6,-1.4,-2.9,9.4
152,OG Anunoby,TOR,67,6,2.7,6.0,0.45299999999999996,1.0,3.0,0.332,1.7,3.0,0.574,0.5,0.9,0.581,0.9,2.1,2.9,0.7,0.7,0.3,-0.8,-2.1,7.0
153,Mitchell Robinson,NYK,66,19,3.1,4.4,0.6940000000000001,0.0,0.0,0.0,3.1,4.4,0.6940000000000001,1.2,2.0,0.6,2.7,3.7,6.4,0.6,0.8,2.4,-0.5,-3.3,7.3
154,Rodney McGruder,MIA,66,45,2.8,7.0,0.40299999999999997,1.2,3.4,0.35100000000000003,1.6,3.6,0.45299999999999996,0.8,1.1,0.722,0.9,2.7,3.6,1.7,0.5,0.2,-1.0,-1.7,7.6
155,Daniel Theis,BOS,66,2,2.2,4.0,0.5489999999999999,0.4,1.0,0.38799999999999996,1.8,3.0,0.603,0.8,1.2,0.737,1.3,2.1,3.4,1.0,0.3,0.6,-0.5,-2.4,5.7
156,Draymond Green,GSW,66,66,2.8,6.4,0.445,0.7,2.5,0.285,2.1,3.9,0.5489999999999999,1.0,1.4,0.6920000000000001,0.9,6.4,7.3,6.9,1.4,1.1,-2.6,-3.0,7.4
157,Justise Winslow,MIA,66,52,4.9,11.3,0.433,1.5,3.9,0.375,3.5,7.5,0.462,1.3,2.1,0.628,1.0,4.4,5.4,4.3,1.1,0.3,-2.2,-2.7,12.6
158,Anthony Tolliver,MIN,65,0,1.5,4.0,0.382,1.2,3.3,0.377,0.3,0.7,0.409,0.7,0.9,0.7829999999999999,0.2,2.5,2.7,0.7,0.3,0.3,-0.6,-1.4,5.0
159,Kyle Lowry,TOR,65,65,4.7,11.4,0.41100000000000003,2.4,7.0,0.34700000000000003,2.3,4.4,0.514,2.5,3.0,0.83,0.6,4.2,4.8,8.7,1.4,0.5,-2.8,-2.6,14.2
160,Malcolm Brogdon,MIL,64,64,5.9,11.7,0.505,1.6,3.8,0.426,4.3,7.9,0.544,2.2,2.4,0.9279999999999999,1.0,3.5,4.5,3.2,0.7,0.2,-1.4,-1.6,15.6
161,Michael Kidd-Gilchri,CHA,64,3,2.5,5.2,0.47600000000000003,0.3,0.7,0.34,2.2,4.5,0.498,1.5,1.9,0.772,1.4,2.5,3.8,1.0,0.5,0.6,-0.7,-2.4,6.7
162,Sindarius Thornwell,LAC,64,1,0.3,0.8,0.34700000000000003,0.0,0.2,0.2,0.2,0.5,0.41200000000000003,0.4,0.5,0.735,0.1,0.6,0.7,0.3,0.2,0.1,-0.3,-0.6,1.0
163,Trey Lyles,DEN,64,2,3.2,7.7,0.418,0.8,3.1,0.255,2.4,4.6,0.529,1.3,1.8,0.698,0.7,3.2,3.8,1.4,0.5,0.4,-1.1,-1.5,8.5
164,Allonzo Trier,NYK,64,3,3.6,8.1,0.44799999999999995,0.8,2.1,0.39399999999999996,2.8,6.0,0.466,2.8,3.5,0.8029999999999999,0.5,2.6,3.1,1.9,0.4,0.2,-1.8,-1.8,10.9
165,Cheick Diallo,NOP,64,1,2.6,4.2,0.62,0.0,0.1,0.25,2.6,4.2,0.625,0.8,1.0,0.746,1.2,4.0,5.2,0.5,0.5,0.5,-0.8,-1.8,6.0
166,Devin Booker,PHX,64,64,9.2,19.6,0.467,2.1,6.5,0.326,7.0,13.1,0.536,6.1,7.1,0.866,0.6,3.5,4.1,6.8,0.9,0.2,-4.1,-3.1,26.6
167,Dewayne Dedmon,ATL,64,52,4.0,8.2,0.49200000000000005,1.3,3.4,0.382,2.8,4.8,0.57,1.4,1.8,0.8140000000000001,1.6,5.9,7.5,1.4,1.1,1.1,-1.3,-3.3,10.8
168,Fred VanVleet,TOR,64,28,3.8,9.4,0.41,1.8,4.6,0.37799999999999995,2.1,4.8,0.441,1.5,1.8,0.843,0.3,2.3,2.6,4.8,0.9,0.3,-1.3,-1.7,11.0
169,Jamal Crawford,PHX,64,0,2.7,6.8,0.397,1.0,3.2,0.332,1.7,3.7,0.45299999999999996,1.5,1.7,0.845,0.1,1.2,1.3,3.6,0.5,0.2,-1.5,-1.2,7.9
170,Joel Embiid,PHI,64,64,9.1,18.7,0.484,1.2,4.1,0.3,7.8,14.6,0.535,8.2,10.1,0.804,2.5,11.1,13.6,3.7,0.7,1.9,-3.5,-3.3,27.5
171,Patrick Patterson,OKC,63,5,1.3,3.5,0.374,0.7,2.2,0.336,0.6,1.3,0.439,0.3,0.5,0.633,0.7,1.7,2.3,0.5,0.3,0.2,-0.3,-0.7,3.6
172,Rodions Kurucs,BKN,63,46,3.2,7.1,0.45,0.9,2.9,0.315,2.3,4.2,0.5429999999999999,1.1,1.5,0.7829999999999999,0.9,3.0,3.9,0.8,0.7,0.4,-1.2,-2.3,8.5
173,Zach LaVine,CHI,63,62,8.4,18.0,0.467,1.9,5.1,0.374,6.5,12.9,0.504,5.0,6.0,0.8320000000000001,0.6,4.0,4.7,4.5,1.0,0.4,-3.4,-2.2,23.7
174,Marvin Bagley III,SAC,62,4,5.7,11.4,0.504,0.5,1.5,0.313,5.3,9.8,0.534,2.9,4.2,0.691,2.6,5.0,7.6,1.0,0.5,1.0,-1.6,-1.9,14.9
175,Tyrone Wallace,LAC,62,0,1.5,3.5,0.424,0.1,0.3,0.21100000000000002,1.4,3.2,0.444,0.5,0.9,0.526,0.3,1.3,1.6,0.7,0.3,0.1,-0.6,-1.3,3.5
176,Abdel Nader,OKC,61,1,1.5,3.5,0.423,0.5,1.6,0.32,1.0,1.9,0.513,0.4,0.6,0.75,0.2,1.7,1.9,0.3,0.3,0.2,-0.4,-1.1,4.0
177,Frank Jackson,NOP,61,16,3.2,7.3,0.434,0.9,2.8,0.314,2.3,4.6,0.507,0.9,1.2,0.74,0.4,1.8,2.2,1.1,0.4,0.0,-0.8,-1.5,8.1
178,John Collins,ATL,61,59,7.6,13.6,0.56,0.9,2.6,0.348,6.7,11.0,0.609,3.3,4.4,0.763,3.6,6.2,9.8,2.0,0.4,0.6,-2.0,-3.3,19.5
179,Meyers Leonard,POR,61,2,2.2,4.0,0.545,0.8,1.8,0.45,1.3,2.1,0.626,0.7,0.8,0.843,0.8,3.0,3.8,1.2,0.2,0.1,-0.7,-1.7,5.9
180,Pat Connaughton,MIL,61,2,2.7,5.7,0.466,1.1,3.3,0.33,1.6,2.5,0.647,0.5,0.7,0.725,1.0,3.2,4.2,2.0,0.5,0.4,-0.5,-1.3,6.9
181,Maurice Harkless,POR,60,53,3.2,6.5,0.48700000000000004,0.6,2.0,0.275,2.6,4.5,0.5820000000000001,0.8,1.2,0.6709999999999999,1.3,3.2,4.5,1.2,1.1,0.9,-0.8,-2.7,7.7
182,Norman Powell,TOR,60,3,3.2,6.7,0.483,1.1,2.8,0.4,2.1,3.8,0.5429999999999999,1.0,1.3,0.8270000000000001,0.3,2.1,2.3,1.5,0.7,0.2,-1.1,-1.6,8.6
183,Cristiano Felício,CHI,60,0,1.6,3.0,0.531,0.0,0.1,0.0,1.6,2.9,0.5429999999999999,0.8,1.2,0.685,1.3,2.3,3.6,0.6,0.2,0.1,-0.6,-1.2,4.0
184,Derrick Jones Jr.,MIA,60,14,2.7,5.4,0.494,0.5,1.5,0.308,2.2,3.9,0.5670000000000001,1.2,2.0,0.607,1.6,2.4,4.0,0.6,0.8,0.7,-0.7,-2.1,7.0
185,Jerian Grant,ORL,60,1,1.5,3.7,0.418,0.7,1.8,0.364,0.9,1.8,0.473,0.4,0.7,0.65,0.3,1.3,1.6,2.6,0.7,0.1,-0.9,-1.3,4.2
186,Kawhi Leonard,TOR,60,60,9.3,18.8,0.496,1.9,5.0,0.371,7.5,13.8,0.542,6.1,7.1,0.8540000000000001,1.3,6.0,7.3,3.3,1.8,0.4,-2.0,-1.5,26.6
187,Ante Žižić,CLE,59,25,3.1,5.6,0.5529999999999999,0.0,0.0,0.0,3.1,5.6,0.5529999999999999,1.6,2.2,0.705,1.8,3.6,5.4,0.9,0.2,0.4,-1.0,-1.9,7.8
188,Emmanuel Mudiay,NYK,59,42,5.6,12.5,0.446,1.2,3.6,0.32899999999999996,4.4,9.0,0.49200000000000005,2.4,3.2,0.774,0.6,2.8,3.3,3.9,0.7,0.3,-2.4,-1.7,14.8
189,Georges Niang,UTA,59,0,1.5,3.1,0.475,0.7,1.8,0.41,0.7,1.3,0.5660000000000001,0.3,0.4,0.833,0.2,1.3,1.5,0.6,0.2,0.1,-0.4,-1.0,4.0
190,Jahlil Okafor,NOP,59,24,3.6,6.1,0.586,0.0,0.1,0.2,3.6,6.1,0.591,1.0,1.5,0.6629999999999999,1.4,3.3,4.7,0.7,0.3,0.7,-0.9,-1.6,8.2
191,Jared Dudley,BKN,59,25,1.7,4.1,0.423,0.9,2.6,0.35100000000000003,0.8,1.5,0.545,0.5,0.8,0.696,0.6,2.1,2.6,1.4,0.6,0.3,-0.7,-2.2,4.9
192,Rondae Hollis-Jeffer,BKN,59,21,3.4,8.3,0.41100000000000003,0.2,0.8,0.184,3.2,7.4,0.436,2.0,3.1,0.645,1.4,3.8,5.3,1.6,0.7,0.5,-1.2,-1.8,8.9
193,Mario Hezonja,NYK,58,24,3.3,8.0,0.41200000000000003,0.7,2.6,0.276,2.6,5.4,0.478,1.5,2.0,0.763,0.5,3.6,4.1,1.5,1.0,0.1,-1.5,-1.9,8.8
194,Sterling Brown,MIL,58,7,2.5,5.4,0.465,0.9,2.5,0.361,1.6,2.8,0.5579999999999999,0.5,0.7,0.69,0.5,2.7,3.2,1.4,0.4,0.1,-0.8,-1.5,6.4
195,T.J. Leaf,IND,58,1,1.7,3.2,0.541,0.1,0.5,0.258,1.6,2.6,0.599,0.3,0.5,0.613,0.7,1.4,2.2,0.4,0.2,0.3,-0.2,-0.6,3.9
196,Willy Hernangómez,CHA,58,3,2.6,5.1,0.519,0.3,0.7,0.385,2.4,4.4,0.539,1.7,2.5,0.6940000000000001,2.0,3.3,5.4,1.0,0.3,0.3,-1.0,-1.7,7.3
197,Chris Paul,HOU,58,58,5.2,12.4,0.419,2.2,6.1,0.358,3.0,6.3,0.479,3.0,3.5,0.862,0.6,3.9,4.6,8.2,2.0,0.3,-2.6,-2.5,15.6
198,Harry Giles,SAC,58,0,3.0,6.0,0.503,0.0,0.1,0.0,3.0,5.9,0.512,1.0,1.6,0.637,1.1,2.7,3.8,1.5,0.5,0.4,-1.3,-2.6,7.0
199,Jaren Jackson Jr.,MEM,58,56,5.1,10.2,0.506,0.9,2.4,0.359,4.3,7.7,0.5529999999999999,2.6,3.4,0.7659999999999999,1.3,3.4,4.7,1.1,0.9,1.4,-1.7,-3.8,13.8
200,Gary Harris,DEN,57,48,4.7,11.2,0.424,1.4,4.2,0.33899999999999997,3.3,6.9,0.47600000000000003,2.0,2.5,0.799,0.7,2.1,2.8,2.2,1.0,0.3,-1.2,-2.0,12.9
201,Semi Ojeleye,BOS,56,3,1.2,2.8,0.424,0.5,1.6,0.315,0.7,1.2,0.565,0.4,0.7,0.615,0.4,1.1,1.5,0.4,0.2,0.1,-0.3,-0.8,3.3
202,Shabazz Napier,BKN,56,2,3.0,7.8,0.389,1.4,4.1,0.33299999999999996,1.7,3.7,0.449,2.1,2.5,0.833,0.3,1.5,1.8,2.6,0.7,0.3,-1.2,-1.2,9.4
203,Anthony Davis,NOP,56,56,9.5,18.3,0.517,0.9,2.6,0.331,8.6,15.7,0.547,6.1,7.7,0.794,3.1,8.9,12.0,3.9,1.6,2.4,-2.0,-2.4,25.9
204,Ish Smith,DET,56,0,3.7,8.7,0.419,0.8,2.4,0.326,2.9,6.3,0.455,0.8,1.1,0.758,0.4,2.2,2.6,3.6,0.5,0.2,-1.1,-1.9,8.9
205,James Johnson,MIA,55,33,3.0,6.9,0.433,0.9,2.7,0.336,2.1,4.2,0.496,0.9,1.3,0.7140000000000001,0.4,2.8,3.2,2.5,0.6,0.5,-1.3,-2.1,7.8
206,Jimmy Butler,PHI,55,55,6.3,13.6,0.461,0.9,2.7,0.33799999999999997,5.3,10.9,0.491,4.8,5.5,0.868,1.9,3.4,5.3,4.0,1.8,0.5,-1.5,-1.7,18.2
207,LeBron James,LAL,55,55,10.1,19.9,0.51,2.0,5.9,0.33899999999999997,8.1,14.0,0.5820000000000001,5.1,7.6,0.665,1.0,7.4,8.5,8.3,1.3,0.6,-3.6,-1.7,27.4
208,Taurean Prince,ATL,55,47,4.8,10.8,0.441,2.2,5.7,0.39,2.5,5.1,0.498,1.7,2.1,0.8190000000000001,0.4,3.2,3.6,2.1,1.0,0.3,-1.8,-2.6,13.5
209,Tobias Harris,LAC,55,55,7.7,15.5,0.496,2.0,4.7,0.434,5.7,10.9,0.523,3.5,4.0,0.877,0.7,7.2,7.9,2.7,0.7,0.4,-2.0,-2.2,20.9
210,Kyle Korver,UTA,54,0,3.1,7.5,0.408,2.1,5.4,0.384,1.0,2.1,0.469,0.9,1.1,0.825,0.2,2.3,2.5,1.2,0.4,0.2,-0.8,-1.6,9.1
211,Landry Shamet,PHI,54,4,2.8,6.4,0.441,1.8,4.5,0.40399999999999997,1.0,1.9,0.529,0.8,1.0,0.815,0.3,1.2,1.4,1.1,0.4,0.1,-0.5,-2.0,8.3
212,Bismack Biyombo,CHA,54,32,1.6,2.9,0.5710000000000001,0.0,0.0,0.0,1.6,2.9,0.5710000000000001,1.1,1.7,0.637,1.5,3.1,4.6,0.6,0.2,0.8,-0.6,-1.9,4.4
213,E'Twaun Moore,NOP,53,36,4.8,10.0,0.48100000000000004,1.4,3.3,0.43200000000000005,3.4,6.7,0.506,0.8,1.1,0.763,0.7,1.7,2.4,1.9,0.8,0.2,-1.1,-2.1,11.9
214,Elie Okobo,PHX,53,16,2.2,5.5,0.39299999999999996,0.7,2.5,0.295,1.4,3.0,0.475,0.7,0.9,0.787,0.2,1.6,1.8,2.4,0.6,0.1,-1.3,-2.1,5.7
215,Marc Gasol,MEM,53,53,5.7,12.9,0.444,1.4,4.2,0.344,4.3,8.7,0.491,2.9,3.8,0.7559999999999999,1.1,7.5,8.6,4.7,1.1,1.2,-2.2,-2.8,15.7
216,Lauri Markkanen,CHI,52,51,6.6,15.3,0.43,2.3,6.4,0.361,4.3,8.9,0.479,3.3,3.8,0.872,1.4,7.6,9.0,1.4,0.7,0.6,-1.6,-2.3,18.7
217,Mike Scott,LAC,52,0,1.8,4.4,0.4,1.0,2.6,0.391,0.8,1.9,0.41200000000000003,0.2,0.3,0.667,0.5,2.9,3.3,0.8,0.3,0.2,-0.5,-1.7,4.8
218,Troy Brown Jr.,WAS,52,10,1.9,4.5,0.415,0.4,1.3,0.319,1.4,3.2,0.455,0.6,0.9,0.6809999999999999,0.7,2.1,2.8,1.5,0.4,0.1,-0.6,-1.1,4.8
219,Brandon Ingram,LAL,52,52,7.0,14.0,0.49700000000000005,0.6,1.8,0.33,6.4,12.2,0.521,3.8,5.6,0.675,0.8,4.3,5.1,3.0,0.5,0.6,-2.5,-2.9,18.3
220,Justin Jackson,SAC,52,3,2.4,5.7,0.424,1.1,3.1,0.34600000000000003,1.3,2.6,0.515,0.8,1.0,0.82,0.5,2.3,2.8,1.3,0.4,0.3,-0.4,-1.3,6.7
221,Aron Baynes,BOS,51,18,2.1,4.4,0.47100000000000003,0.4,1.2,0.344,1.6,3.2,0.519,1.0,1.2,0.855,1.7,3.0,4.7,1.1,0.2,0.7,-0.8,-2.5,5.6
222,David Nwaba,CLE,51,14,2.5,5.1,0.48100000000000004,0.5,1.5,0.32,2.0,3.7,0.545,1.1,1.7,0.682,0.8,2.4,3.2,1.1,0.7,0.3,-0.6,-2.1,6.5
223,Gary Clark,HOU,51,2,1.0,3.0,0.331,0.8,2.7,0.297,0.2,0.3,0.6920000000000001,0.1,0.1,1.0,0.5,1.8,2.3,0.4,0.4,0.5,-0.1,-0.9,2.9
224,Hamidou Diallo,OKC,51,3,1.5,3.2,0.455,0.1,0.5,0.16699999999999998,1.4,2.8,0.504,0.7,1.2,0.61,0.7,1.2,1.9,0.3,0.4,0.2,-0.5,-1.5,3.7
225,Troy Daniels,PHX,51,1,2.2,5.4,0.41100000000000003,1.5,3.8,0.381,0.8,1.6,0.48100000000000004,0.4,0.5,0.7829999999999999,0.3,1.2,1.4,0.5,0.5,0.1,-0.5,-1.5,6.2
226,Khem Birch,ORL,50,1,1.8,3.0,0.603,0.0,0.0,0.0,1.8,3.0,0.607,1.2,1.7,0.6990000000000001,1.6,2.2,3.8,0.8,0.4,0.6,-0.4,-1.4,4.8
227,Thabo Sefolosha,UTA,50,2,1.4,3.0,0.47700000000000004,0.7,1.6,0.436,0.7,1.4,0.521,0.3,0.4,0.636,0.2,2.3,2.5,0.5,0.9,0.1,-0.5,-0.8,3.8
228,Aaron Holiday,IND,50,0,2.1,5.2,0.401,0.9,2.5,0.33899999999999997,1.2,2.7,0.45899999999999996,0.8,1.0,0.82,0.1,1.2,1.3,1.7,0.4,0.3,-0.8,-1.4,5.9
229,De'Anthony Melton,PHX,50,31,2.0,5.1,0.391,0.6,1.9,0.305,1.4,3.2,0.441,0.4,0.6,0.75,0.5,2.2,2.7,3.2,1.4,0.5,-1.5,-2.3,5.0
230,DeAndre Jordan,DAL,50,50,4.2,6.5,0.644,0.0,0.0,0.0,4.2,6.5,0.644,2.7,4.0,0.682,3.2,10.5,13.7,2.0,0.7,1.1,-2.2,-2.5,11.0
231,Avery Bradley,LAC,49,49,3.3,8.6,0.38299999999999995,1.2,3.5,0.337,2.1,5.1,0.415,0.4,0.5,0.8,0.7,2.0,2.7,2.0,0.6,0.3,-1.2,-2.7,8.2
232,Chasson Randle,WAS,49,2,1.9,4.4,0.419,0.9,2.3,0.4,0.9,2.1,0.441,0.9,1.3,0.6940000000000001,0.2,0.9,1.1,2.0,0.5,0.1,-0.9,-1.9,5.5
233,Cody Zeller,CHA,49,47,3.9,7.0,0.551,0.1,0.4,0.273,3.8,6.6,0.57,2.3,2.9,0.787,2.2,4.6,6.8,2.1,0.8,0.8,-1.3,-3.3,10.1
234,Delon Wright,TOR,49,2,2.6,6.0,0.433,0.6,1.8,0.33299999999999996,2.0,4.1,0.478,1.1,1.2,0.8690000000000001,0.8,1.8,2.6,2.2,0.9,0.3,-0.8,-1.1,6.9
235,Garrett Temple,MEM,49,49,3.4,7.9,0.429,1.5,4.3,0.35200000000000004,1.9,3.6,0.52,1.2,1.6,0.75,0.4,2.7,3.1,1.4,1.0,0.5,-1.1,-2.7,9.4
236,Harrison Barnes,DAL,49,49,5.9,14.6,0.40399999999999997,2.5,6.3,0.389,3.4,8.3,0.41600000000000004,3.4,4.0,0.833,0.7,3.5,4.2,1.3,0.7,0.2,-1.4,-1.6,17.7
237,Stanley Johnson,DET,48,7,2.8,7.3,0.381,1.1,3.8,0.282,1.7,3.5,0.488,0.9,1.1,0.804,0.5,3.1,3.6,1.3,1.0,0.3,-1.1,-1.9,7.5
238,Tyson Chandler,LAL,48,6,1.1,1.8,0.609,0.0,0.0,0.0,1.1,1.8,0.616,0.9,1.4,0.594,1.8,3.8,5.6,0.6,0.4,0.5,-0.7,-1.9,3.1
239,D.J. Wilson,MIL,48,3,2.2,5.2,0.414,1.0,2.6,0.36200000000000004,1.2,2.6,0.46799999999999997,0.5,1.0,0.5529999999999999,0.9,3.7,4.6,1.1,0.4,0.4,-0.7,-1.8,5.8
240,Furkan Korkmaz,PHI,48,7,2.0,5.1,0.4,1.0,3.0,0.326,1.1,2.1,0.505,0.8,0.9,0.818,0.3,1.9,2.2,1.1,0.6,0.0,-0.5,-1.3,5.8
241,Justin Anderson,ATL,48,4,1.3,3.3,0.408,0.5,1.6,0.312,0.8,1.7,0.5,0.5,0.7,0.743,0.5,1.3,1.8,0.5,0.5,0.3,-0.5,-1.0,3.7
242,Austin Rivers,HOU,47,13,3.3,8.0,0.413,1.5,4.7,0.321,1.8,3.3,0.541,0.5,1.0,0.51,0.3,1.6,1.9,2.3,0.6,0.3,-0.7,-2.9,8.7
243,Frank Kaminsky,CHA,47,0,2.9,6.3,0.46299999999999997,1.1,3.0,0.36,1.9,3.4,0.5529999999999999,1.7,2.3,0.738,0.8,2.6,3.5,1.3,0.3,0.3,-0.9,-1.4,8.6
244,George Hill,MIL,47,0,2.4,5.7,0.428,0.7,2.7,0.28,1.7,3.1,0.556,1.1,1.4,0.815,0.6,2.0,2.6,2.1,0.9,0.1,-0.7,-1.4,6.8
245,Glenn Robinson III,DET,47,18,1.6,3.7,0.42,0.4,1.3,0.29,1.2,2.4,0.491,0.7,0.9,0.8,0.4,1.1,1.5,0.4,0.3,0.2,-0.4,-1.0,4.2
246,Lonzo Ball,LAL,47,45,3.9,9.7,0.406,1.6,4.9,0.32899999999999996,2.3,4.9,0.48200000000000004,0.4,1.0,0.41700000000000004,1.1,4.2,5.3,5.4,1.5,0.4,-2.2,-2.4,9.9
247,Mike Muscala,PHI,47,6,2.3,5.9,0.392,1.4,4.2,0.342,0.9,1.7,0.519,1.3,1.6,0.818,1.1,3.2,4.3,1.3,0.4,0.6,-0.9,-2.4,7.4
248,Mo Bamba,ORL,47,1,2.5,5.2,0.48100000000000004,0.4,1.5,0.3,2.0,3.7,0.555,0.8,1.3,0.5870000000000001,1.4,3.6,5.0,0.8,0.3,1.4,-0.9,-2.2,6.2
249,Kenrich Williams,NOP,46,29,2.3,6.1,0.384,1.1,3.4,0.33299999999999996,1.2,2.7,0.447,0.3,0.4,0.684,1.2,3.6,4.8,1.8,1.0,0.4,-0.8,-2.1,6.1
250,Lance Thomas,NYK,46,17,1.7,4.3,0.396,0.5,1.7,0.278,1.2,2.6,0.475,0.6,0.8,0.75,0.5,2.1,2.5,0.6,0.4,0.2,-0.5,-1.8,4.5
251,Luke Kornet,NYK,46,18,2.3,6.2,0.37799999999999995,1.5,4.2,0.363,0.8,2.0,0.41100000000000003,0.8,1.0,0.826,0.6,2.3,2.9,1.2,0.6,0.9,-0.5,-0.9,7.0
252,Omari Spellman,ATL,46,11,2.1,5.3,0.402,1.0,2.8,0.344,1.2,2.5,0.466,0.7,1.0,0.711,1.6,2.7,4.2,1.0,0.6,0.5,-0.7,-1.5,5.9
253,Rajon Rondo,LAL,46,29,3.8,9.4,0.405,1.1,3.1,0.359,2.7,6.3,0.428,0.5,0.8,0.639,0.7,4.5,5.3,8.0,1.2,0.2,-2.8,-2.2,9.2
254,Tim Hardaway Jr.,NYK,46,46,6.1,15.8,0.38799999999999996,2.5,7.3,0.34700000000000003,3.6,8.5,0.424,4.3,5.1,0.8540000000000001,0.6,2.9,3.5,2.7,0.9,0.1,-1.8,-2.3,19.1
255,Devonte' Graham,CHA,46,3,1.6,4.7,0.34299999999999997,0.7,2.6,0.281,0.9,2.1,0.42100000000000004,0.8,1.0,0.7609999999999999,0.2,1.2,1.4,2.6,0.5,0.0,-0.7,-1.0,4.7
256,Dragan Bender,PHX,46,27,1.9,4.3,0.447,0.5,2.2,0.218,1.4,2.1,0.688,0.7,1.2,0.593,0.7,3.2,4.0,1.2,0.4,0.5,-0.8,-2.0,5.0
257,Kyle O'Quinn,IND,45,3,1.5,3.0,0.507,0.0,0.3,0.083,1.5,2.8,0.5479999999999999,0.4,0.5,0.81,0.6,2.0,2.6,1.2,0.2,0.6,-0.7,-1.5,3.5
258,Rodney Hood,CLE,45,45,4.3,10.1,0.42700000000000005,1.2,3.4,0.36200000000000004,3.1,6.7,0.46,2.3,2.5,0.912,0.4,2.1,2.5,2.0,0.8,0.1,-0.8,-2.2,12.2
259,Reggie Bullock,DET,44,44,4.1,10.0,0.413,2.6,6.7,0.38799999999999996,1.5,3.3,0.46299999999999997,1.3,1.5,0.875,0.5,2.3,2.8,2.5,0.5,0.1,-1.2,-1.8,12.1
260,Solomon Hill,NOP,44,15,1.5,4.0,0.382,0.7,2.3,0.317,0.8,1.8,0.46799999999999997,0.5,0.7,0.7190000000000001,0.8,2.3,3.0,1.3,0.5,0.2,-0.7,-1.8,4.3
261,Tyler Johnson,MIA,44,10,3.9,9.1,0.426,1.6,4.6,0.353,2.3,4.5,0.503,1.4,2.0,0.693,0.4,2.3,2.8,2.5,0.9,0.5,-1.4,-1.6,10.8
262,Wesley Matthews,DAL,44,44,4.4,10.7,0.414,2.3,6.0,0.38,2.1,4.7,0.456,2.0,2.5,0.7909999999999999,0.5,1.9,2.3,2.3,0.8,0.3,-1.3,-2.3,13.1
263,Chandler Hutchison,CHI,44,14,2.2,4.8,0.45899999999999996,0.3,1.1,0.28,1.9,3.6,0.516,0.5,0.9,0.605,0.7,3.5,4.2,0.8,0.5,0.1,-0.6,-1.3,5.2
264,Dion Waiters,MIA,44,28,4.5,10.9,0.414,2.5,6.6,0.377,2.0,4.3,0.47100000000000003,0.5,1.0,0.5,0.2,2.5,2.6,2.8,0.7,0.2,-1.5,-1.6,12.0
265,Enes Kanter,NYK,44,23,5.7,10.6,0.536,0.2,0.5,0.318,5.5,10.1,0.547,2.4,2.9,0.8140000000000001,3.9,6.6,10.5,1.9,0.4,0.4,-1.8,-2.4,14.0
266,Jonah Bolden,PHI,44,10,1.8,3.7,0.494,0.8,2.2,0.354,1.0,1.5,0.6970000000000001,0.3,0.6,0.48100000000000004,1.1,2.7,3.8,0.9,0.4,0.9,-0.8,-2.3,4.7
267,Justin Holiday,MEM,44,39,3.4,8.7,0.389,1.5,4.4,0.33299999999999996,1.9,4.3,0.447,1.2,1.4,0.9,0.6,2.9,3.5,1.4,1.2,0.3,-1.3,-1.9,9.5
268,Allen Crabbe,BKN,43,20,3.2,8.7,0.36700000000000005,2.3,6.0,0.37799999999999995,0.9,2.7,0.342,1.0,1.3,0.732,0.4,3.1,3.4,1.1,0.5,0.3,-1.1,-2.4,9.6
269,Dwayne Bacon,CHA,43,13,2.8,6.0,0.475,0.9,2.0,0.43700000000000006,2.0,4.0,0.494,0.8,1.1,0.7390000000000001,0.2,1.9,2.1,1.1,0.3,0.1,-0.4,-1.7,7.3
270,Frank Ntilikina,NYK,43,16,2.2,6.6,0.337,0.8,2.7,0.287,1.4,3.9,0.371,0.5,0.7,0.767,0.3,1.7,2.0,2.8,0.7,0.3,-1.3,-2.4,5.7
271,Kyle Anderson,MEM,43,40,3.5,6.4,0.5429999999999999,0.2,0.8,0.265,3.3,5.6,0.583,0.9,1.5,0.578,1.1,4.7,5.8,3.0,1.3,0.9,-1.3,-2.6,8.0
272,Moritz Wagner,LAL,43,5,1.7,4.0,0.415,0.5,1.8,0.28600000000000003,1.1,2.2,0.521,1.0,1.2,0.8109999999999999,0.4,1.6,2.0,0.6,0.3,0.3,-0.9,-1.3,4.8
273,T.J. Warren,PHX,43,36,6.9,14.2,0.486,1.8,4.2,0.428,5.1,10.0,0.51,2.3,2.9,0.815,0.7,3.3,4.0,1.5,1.2,0.7,-1.2,-2.8,18.0
274,Trevor Ariza,WAS,43,43,4.8,11.8,0.409,2.2,6.9,0.322,2.6,5.0,0.528,2.2,2.8,0.777,0.8,4.5,5.3,3.8,1.2,0.3,-1.6,-2.0,14.1
275,Tristan Thompson,CLE,43,40,4.7,8.8,0.529,0.0,0.0,0.0,4.7,8.8,0.529,1.6,2.5,0.642,4.0,6.2,10.2,2.0,0.7,0.4,-1.4,-2.1,10.9
276,Will Barton,DEN,43,38,4.3,10.7,0.402,1.6,4.6,0.342,2.7,6.1,0.447,1.3,1.7,0.77,0.7,3.9,4.6,2.9,0.4,0.5,-1.5,-1.9,11.5
277,Ryan Broekhoff,DAL,42,0,1.4,3.0,0.452,0.9,2.2,0.409,0.5,0.8,0.5760000000000001,0.4,0.5,0.789,0.2,1.3,1.5,0.5,0.1,0.1,-0.4,-0.8,4.0
278,Dante Exum,UTA,42,1,2.4,5.7,0.419,0.4,1.5,0.29,2.0,4.3,0.46399999999999997,1.6,2.0,0.7909999999999999,0.4,1.2,1.6,2.6,0.3,0.1,-1.2,-1.6,6.9
279,Elfrid Payton,NOP,42,42,4.3,9.8,0.434,0.8,2.5,0.314,3.5,7.3,0.47600000000000003,1.3,1.8,0.743,1.2,4.1,5.2,7.6,1.0,0.4,-2.7,-1.9,10.6
280,Iman Shumpert,SAC,42,40,3.2,8.3,0.382,1.8,4.8,0.366,1.4,3.5,0.40399999999999997,0.8,1.0,0.8290000000000001,0.5,2.6,3.1,2.2,1.1,0.5,-0.9,-2.2,8.9
281,Jeff Teague,MIN,42,41,4.2,9.9,0.423,0.8,2.5,0.33299999999999996,3.4,7.4,0.45299999999999996,2.9,3.6,0.804,0.4,2.1,2.5,8.2,1.0,0.4,-2.3,-2.1,12.1
282,Joakim Noah,MEM,42,1,2.6,5.1,0.516,0.0,0.0,0.0,2.6,5.0,0.519,1.9,2.6,0.716,1.4,4.3,5.7,2.1,0.5,0.7,-1.2,-2.3,7.1
283,JaMychal Green,MEM,41,4,3.7,7.6,0.484,0.9,2.3,0.396,2.8,5.3,0.523,1.5,2.0,0.7879999999999999,1.8,4.4,6.1,0.9,0.8,0.6,-1.6,-3.0,9.8
284,Otto Porter,WAS,41,28,4.9,10.8,0.457,1.6,4.3,0.369,3.3,6.5,0.515,1.2,1.6,0.7659999999999999,1.0,4.7,5.6,2.0,1.6,0.5,-1.0,-1.9,12.6
285,Kelly Oubre Jr.,PHX,40,12,6.1,13.4,0.45299999999999996,1.7,5.2,0.325,4.4,8.3,0.532,3.0,4.0,0.7609999999999999,1.2,3.7,4.9,1.6,1.4,1.0,-1.8,-2.8,16.9
286,C.J. Miles,TOR,40,1,1.8,5.2,0.34,1.1,3.4,0.314,0.7,1.7,0.391,0.9,1.1,0.795,0.3,1.4,1.7,0.6,0.5,0.3,-0.5,-1.6,5.5
287,Caris LeVert,BKN,40,25,5.2,12.1,0.429,1.2,3.9,0.312,4.0,8.2,0.483,2.1,3.1,0.691,0.9,2.9,3.8,3.9,1.1,0.4,-1.7,-1.9,13.7
288,James Ennis,HOU,40,25,2.6,5.3,0.493,1.1,3.0,0.36700000000000005,1.5,2.3,0.659,1.1,1.5,0.7240000000000001,0.9,2.0,2.9,0.7,1.0,0.4,-0.6,-2.8,7.4
289,Danuel House,HOU,39,13,3.0,6.5,0.46799999999999997,1.9,4.6,0.41600000000000004,1.1,1.9,0.595,1.4,1.8,0.789,0.6,2.9,3.6,1.0,0.5,0.3,-0.9,-2.1,9.4
290,Jabari Parker,CHI,39,17,5.6,11.9,0.474,0.9,2.9,0.325,4.7,9.0,0.523,2.0,2.8,0.731,1.1,5.1,6.2,2.2,0.6,0.4,-2.2,-2.2,14.3
291,Jevon Carter,MEM,39,3,1.4,4.7,0.303,0.9,2.6,0.33299999999999996,0.6,2.1,0.265,0.7,0.8,0.813,0.4,1.3,1.7,1.8,0.7,0.3,-0.8,-1.4,4.4
292,Frank Mason III,SAC,38,0,1.9,4.4,0.42,0.4,1.7,0.21899999999999997,1.5,2.8,0.5429999999999999,1.0,1.5,0.684,0.2,1.0,1.1,2.2,0.4,0.1,-0.9,-0.9,5.1
293,Grayson Allen,UTA,38,2,1.8,4.7,0.376,0.8,2.6,0.32299999999999995,0.9,2.1,0.44299999999999995,1.2,1.6,0.75,0.1,0.5,0.6,0.7,0.2,0.2,-0.9,-1.2,5.6
294,J.J. Barea,DAL,38,0,4.2,10.1,0.418,1.0,3.4,0.297,3.2,6.8,0.479,1.4,2.1,0.705,0.3,2.2,2.5,5.6,0.6,0.0,-1.9,-1.3,10.9
295,Justin Holiday,CHI,38,38,4.0,10.4,0.38299999999999995,2.6,7.1,0.359,1.4,3.3,0.435,1.1,1.2,0.8909999999999999,0.5,3.9,4.4,2.2,1.8,0.6,-1.2,-2.1,11.6
296,Raul Neto,UTA,37,1,2.0,4.4,0.46,0.5,1.6,0.33299999999999996,1.5,2.7,0.535,0.8,0.9,0.848,0.2,1.5,1.7,2.5,0.4,0.1,-0.9,-1.3,5.3
297,Matthew Dellavedova,CLE,36,0,2.6,6.2,0.413,1.1,3.3,0.336,1.4,2.9,0.5,1.1,1.3,0.792,0.2,1.7,1.9,4.2,0.3,0.1,-1.6,-1.8,7.3
298,Victor Oladipo,IND,36,36,6.9,16.3,0.423,2.1,6.0,0.34299999999999997,4.9,10.3,0.47,2.9,3.9,0.73,0.6,5.0,5.6,5.2,1.7,0.3,-2.3,-2.0,18.8
299,Wilson Chandler,PHI,36,32,2.5,5.8,0.44,1.3,3.3,0.39,1.3,2.5,0.506,0.4,0.5,0.722,1.2,3.4,4.7,2.0,0.6,0.5,-1.1,-2.6,6.7
300,Boban Marjanović,LAC,36,9,2.4,3.9,0.607,0.0,0.1,0.0,2.4,3.8,0.616,2.0,2.6,0.758,1.5,2.7,4.2,0.6,0.3,0.5,-1.0,-1.6,6.7
301,Brad Wanamaker,BOS,36,0,1.4,2.9,0.47600000000000003,0.4,1.1,0.41,0.9,1.8,0.515,0.7,0.8,0.857,0.1,1.1,1.1,1.6,0.3,0.1,-0.5,-0.9,3.9
302,Goran Dragić,MIA,36,22,5.0,12.0,0.413,1.6,4.6,0.348,3.4,7.5,0.45399999999999996,2.2,2.8,0.782,0.6,2.5,3.1,4.8,0.8,0.1,-2.0,-2.3,13.7
303,Treveon Graham,BKN,35,21,1.8,5.5,0.335,1.1,3.7,0.297,0.7,1.8,0.413,0.5,0.6,0.818,0.7,2.4,3.1,1.0,0.4,0.2,-0.5,-1.9,5.3
304,Markieff Morris,WAS,34,15,4.2,9.6,0.436,1.4,4.2,0.33299999999999996,2.8,5.4,0.516,1.7,2.1,0.7809999999999999,1.2,3.9,5.1,1.8,0.7,0.6,-1.4,-3.4,11.5
305,Alec Burks,CLE,34,24,4.0,10.0,0.4,1.3,3.5,0.37799999999999995,2.7,6.5,0.41200000000000003,2.3,2.9,0.8059999999999999,0.8,4.7,5.5,2.9,0.7,0.5,-1.4,-1.8,11.6
306,Bruno Caboclo,MEM,34,19,2.8,6.6,0.42700000000000005,1.4,3.8,0.369,1.4,2.8,0.505,1.2,1.5,0.84,1.2,3.4,4.6,1.5,0.4,1.0,-1.1,-2.4,8.3
307,Ian Mahinmi,WAS,34,6,1.4,3.1,0.452,0.1,0.5,0.188,1.3,2.6,0.5,1.2,1.8,0.6890000000000001,1.4,2.4,3.8,0.7,0.7,0.5,-0.6,-2.5,4.1
308,Jaylen Adams,ATL,34,1,1.1,3.2,0.345,0.7,2.2,0.33799999999999997,0.4,1.1,0.361,0.2,0.3,0.778,0.3,1.4,1.8,1.9,0.4,0.1,-0.8,-1.3,3.2
309,Ivica Zubac,LAL,33,12,3.4,5.8,0.58,0.0,0.0,0.0,3.4,5.8,0.58,1.7,2.0,0.8640000000000001,1.6,3.3,4.9,0.8,0.1,0.8,-1.0,-2.2,8.5
310,Jerome Robinson,LAC,33,0,1.3,3.3,0.4,0.5,1.7,0.316,0.8,1.6,0.491,0.2,0.3,0.667,0.1,1.2,1.2,0.6,0.3,0.1,-0.4,-1.4,3.4
311,Trey Burke,NYK,33,7,4.5,10.8,0.413,0.9,2.6,0.349,3.6,8.2,0.434,1.9,2.3,0.8270000000000001,0.5,1.4,1.9,2.8,0.6,0.2,-0.9,-1.0,11.8
312,Robert Williams,BOS,32,2,1.1,1.6,0.706,0.0,0.0,0.0,1.1,1.6,0.706,0.3,0.5,0.6,0.8,1.7,2.5,0.2,0.3,1.3,-0.3,-1.1,2.5
313,Damion Lee,GSW,32,0,1.8,4.0,0.441,0.8,2.1,0.397,0.9,1.8,0.49200000000000005,0.6,0.7,0.8640000000000001,0.3,1.8,2.0,0.4,0.4,0.0,-0.3,-0.9,4.9
314,Dennis Smith Jr.,DAL,32,32,4.9,11.2,0.44,1.3,3.9,0.344,3.6,7.3,0.491,1.8,2.6,0.695,0.6,2.5,3.0,4.3,1.3,0.3,-3.1,-2.6,12.9
315,Deonte Burton,OKC,32,0,1.0,2.6,0.402,0.3,0.8,0.29600000000000004,0.8,1.7,0.455,0.3,0.4,0.667,0.1,0.8,0.9,0.3,0.2,0.3,-0.3,-1.0,2.6
316,Cameron Payne,CHI,31,12,2.2,5.4,0.41100000000000003,0.5,1.9,0.271,1.7,3.5,0.486,0.7,0.8,0.88,0.3,1.4,1.7,2.7,0.6,0.2,-1.1,-1.6,5.7
317,Jacob Evans,GSW,30,1,0.6,1.8,0.34,0.1,0.5,0.267,0.5,1.3,0.368,0.0,0.0,0.0,0.2,0.6,0.8,0.8,0.2,0.1,-0.4,-0.9,1.3
318,Jonas Valančiūnas,TOR,30,10,5.0,8.6,0.575,0.3,1.0,0.3,4.7,7.6,0.611,2.6,3.1,0.8190000000000001,1.8,5.4,7.2,1.0,0.4,0.8,-1.3,-2.7,12.8
319,Keita Bates-Diop,MIN,30,3,2.0,4.7,0.423,0.4,1.7,0.25,1.6,3.0,0.522,0.6,0.9,0.643,0.5,2.2,2.8,0.6,0.6,0.5,-0.5,-1.0,5.0
320,Austin Rivers,WAS,29,2,2.6,6.7,0.392,1.1,3.7,0.311,1.5,3.0,0.489,0.9,1.6,0.5429999999999999,0.3,2.1,2.4,2.0,0.6,0.3,-1.2,-2.5,7.2
321,Chimezie Metu,SAS,29,0,0.7,2.0,0.32799999999999996,0.0,0.1,0.0,0.7,1.9,0.33899999999999997,0.4,0.6,0.765,0.3,0.9,1.2,0.4,0.2,0.1,-0.5,-0.5,1.8
322,Justin Jackson,DAL,29,11,3.2,6.6,0.484,1.1,3.0,0.37200000000000005,2.1,3.6,0.5770000000000001,0.7,1.0,0.7240000000000001,0.7,1.6,2.3,1.0,0.3,0.0,-0.2,-1.1,8.2
323,Kelly Oubre Jr.,WAS,29,7,4.6,10.5,0.433,1.4,4.6,0.311,3.1,6.0,0.526,2.3,2.9,0.8,0.8,3.6,4.4,0.7,0.9,0.7,-1.0,-2.4,12.9
324,Timothé Luwawu-Cabar,CHI,29,6,2.4,6.0,0.39399999999999996,1.1,3.2,0.33,1.3,2.8,0.469,0.9,1.2,0.7709999999999999,0.2,2.5,2.7,0.8,0.5,0.2,-0.6,-2.0,6.8
325,Wayne Ellington,DET,28,26,4.1,9.8,0.42100000000000004,2.9,7.8,0.373,1.2,2.0,0.607,0.9,1.2,0.758,0.3,1.9,2.1,1.5,1.1,0.1,-0.9,-1.9,12.0
326,Bobby Portis,WAS,28,22,5.6,12.8,0.44,1.7,4.3,0.40299999999999997,3.9,8.5,0.45799999999999996,1.4,1.7,0.809,2.3,6.4,8.6,1.5,0.9,0.4,-1.6,-3.0,14.3
327,Chris Boucher,TOR,28,0,1.2,2.7,0.447,0.4,1.3,0.324,0.8,1.4,0.564,0.5,0.5,0.867,0.6,1.4,2.0,0.1,0.2,0.9,-0.3,-1.1,3.3
328,Harrison Barnes,SAC,28,28,5.0,11.1,0.455,1.9,4.6,0.408,3.1,6.4,0.489,2.3,2.9,0.8,0.8,4.8,5.5,1.9,0.6,0.1,-1.1,-1.5,14.3
329,Isaiah Hartenstein,HOU,28,0,0.7,1.5,0.488,0.1,0.2,0.33299999999999996,0.6,1.3,0.514,0.4,0.5,0.7859999999999999,0.8,0.9,1.7,0.5,0.3,0.4,-0.5,-2.0,1.9
330,Brandon Knight,CLE,27,26,3.3,7.9,0.413,1.3,3.6,0.371,1.9,4.3,0.44799999999999995,0.7,0.9,0.7829999999999999,0.3,1.5,1.9,2.3,0.7,0.1,-0.9,-1.8,8.5
331,Donte DiVincenzo,MIL,27,0,1.9,4.6,0.40299999999999997,0.8,3.1,0.265,1.0,1.5,0.6829999999999999,0.3,0.4,0.75,0.6,1.8,2.4,1.1,0.5,0.2,-0.7,-1.4,4.9
332,Jordan McRae,WAS,27,0,2.3,4.8,0.469,0.4,1.3,0.28600000000000003,1.9,3.5,0.537,1.0,1.3,0.8,0.2,1.3,1.5,1.1,0.5,0.3,-0.6,-1.0,5.9
333,Marquese Chriss,CLE,27,2,2.1,5.4,0.384,0.6,2.1,0.263,1.5,3.3,0.461,1.0,1.4,0.684,1.2,3.0,4.2,0.6,0.6,0.3,-0.9,-2.4,5.7
334,Mike Scott,PHI,27,3,2.8,7.0,0.4,1.8,4.4,0.41200000000000003,1.0,2.6,0.38,0.4,0.6,0.667,0.7,3.1,3.8,0.8,0.3,0.2,-0.6,-2.5,7.8
335,Rodney Hood,POR,27,4,3.6,8.0,0.452,1.1,3.1,0.345,2.6,4.9,0.519,1.2,1.5,0.805,0.3,1.4,1.7,1.3,0.8,0.3,-0.7,-1.7,9.6
336,Tobias Harris,PHI,27,27,6.9,14.8,0.469,1.6,5.0,0.326,5.3,9.8,0.542,2.7,3.3,0.841,1.2,6.7,7.9,2.9,0.4,0.5,-1.6,-2.3,18.2
337,Marc Gasol,TOR,26,19,3.3,7.2,0.465,0.9,2.0,0.442,2.5,5.2,0.474,1.5,2.0,0.769,0.9,5.7,6.6,3.9,0.9,0.9,-1.4,-2.7,9.1
338,Patrick McCaw,TOR,26,1,0.9,2.1,0.444,0.3,0.9,0.33299999999999996,0.6,1.2,0.5329999999999999,0.5,0.6,0.867,0.3,1.5,1.7,1.0,0.8,0.1,-0.5,-1.4,2.7
339,Trevor Ariza,PHX,26,26,3.3,8.7,0.379,1.9,5.3,0.36,1.4,3.4,0.409,1.4,1.7,0.8370000000000001,0.6,5.0,5.6,3.3,1.5,0.3,-1.5,-1.7,9.9
340,Delon Wright,MEM,26,11,4.4,10.2,0.434,0.8,3.0,0.256,3.7,7.2,0.508,2.5,3.4,0.742,1.1,4.3,5.4,5.3,1.6,0.6,-1.5,-1.9,12.2
341,Garrett Temple,LAC,26,6,1.6,4.1,0.396,0.6,2.1,0.29600000000000004,1.0,2.0,0.5,0.9,1.2,0.742,0.4,2.1,2.5,1.4,1.0,0.2,-0.6,-2.7,4.7
342,Ivica Zubac,LAC,26,25,3.8,7.2,0.5379999999999999,0.0,0.0,0.0,3.8,7.2,0.5379999999999999,1.7,2.3,0.733,2.3,5.3,7.7,1.5,0.4,0.9,-1.4,-2.5,9.4
343,Alex Caruso,LAL,25,4,3.1,6.9,0.445,1.0,2.0,0.48,2.1,4.9,0.431,2.0,2.6,0.797,0.8,1.9,2.7,3.1,1.0,0.4,-1.7,-2.2,9.2
344,Chandler Parsons,MEM,25,3,2.7,7.3,0.374,1.2,3.8,0.309,1.6,3.5,0.44299999999999995,0.9,1.0,0.88,0.2,2.6,2.8,1.7,0.8,0.2,-1.3,-1.8,7.5
345,Jabari Parker,WAS,25,0,6.0,11.4,0.523,1.0,3.2,0.29600000000000004,5.0,8.2,0.613,2.1,3.0,0.684,1.5,5.7,7.2,2.7,0.9,0.6,-2.7,-2.3,15.0
346,Landry Shamet,LAC,25,23,3.5,8.4,0.414,2.7,6.0,0.45,0.8,2.4,0.322,1.2,1.6,0.795,0.3,2.0,2.2,2.3,0.5,0.1,-0.8,-2.0,10.9
347,Trey Burke,DAL,25,1,3.5,7.6,0.46299999999999997,1.0,2.9,0.35600000000000004,2.5,4.7,0.53,1.6,2.0,0.8370000000000001,0.5,1.0,1.5,2.6,0.5,0.1,-0.8,-1.0,9.7
348,Wayne Ellington,MIA,25,12,2.8,7.4,0.375,2.3,6.2,0.368,0.5,1.2,0.414,0.6,0.6,0.875,0.2,1.6,1.9,1.2,1.0,0.1,-0.6,-1.6,8.4
349,Markieff Morris,OKC,24,1,2.5,6.5,0.391,0.8,2.5,0.33899999999999997,1.7,4.0,0.423,0.6,0.8,0.737,0.8,3.0,3.8,0.8,0.5,0.1,-0.3,-2.4,6.5
350,Corey Brewer,SAC,24,0,1.4,3.1,0.446,0.4,1.3,0.33299999999999996,1.0,1.8,0.523,0.9,1.3,0.733,0.9,1.5,2.5,1.2,0.8,0.2,-0.5,-2.0,4.1
351,Damian Jones,GSW,24,22,2.2,3.1,0.716,0.0,0.0,0.0,2.2,3.1,0.716,1.0,1.5,0.649,1.3,1.8,3.1,1.2,0.5,1.0,-0.7,-2.6,5.4
352,JaMychal Green,LAC,24,2,3.3,6.8,0.48200000000000004,1.4,3.3,0.413,1.9,3.5,0.5479999999999999,0.7,0.9,0.81,1.3,5.2,6.5,0.6,0.5,0.3,-1.0,-2.9,8.7
353,Johnathan Williams,LAL,24,0,2.7,4.6,0.591,0.0,0.1,0.0,2.7,4.5,0.602,1.1,2.0,0.563,2.0,2.1,4.1,0.5,0.3,0.3,-0.7,-2.6,6.5
354,Drew Eubanks,SAS,23,0,0.7,1.1,0.5770000000000001,0.0,0.0,0.0,0.7,1.1,0.5770000000000001,0.5,0.6,0.846,0.3,1.2,1.5,0.3,0.1,0.2,-0.3,-0.5,1.8
355,Edmond Sumner,IND,23,2,1.0,2.8,0.344,0.3,1.2,0.259,0.7,1.6,0.405,0.7,1.0,0.625,0.4,0.7,1.0,0.4,0.5,0.2,-0.4,-1.1,2.9
356,Enes Kanter,POR,23,8,5.4,9.3,0.5770000000000001,0.1,0.5,0.25,5.3,8.8,0.596,2.2,3.0,0.735,3.7,4.9,8.6,1.4,0.6,0.4,-1.7,-2.7,13.1
357,Wesley Matthews,IND,23,23,3.5,9.1,0.386,2.1,5.7,0.369,1.4,3.5,0.413,1.8,2.1,0.8540000000000001,0.5,2.3,2.8,2.4,0.9,0.2,-1.3,-2.4,10.9
358,Kevin Love,CLE,22,21,5.0,12.9,0.385,2.4,6.7,0.361,2.5,6.2,0.41200000000000003,4.7,5.2,0.904,1.5,9.4,10.9,2.2,0.3,0.2,-1.9,-2.5,17.0
359,Robert Covington,MIN,22,22,4.8,11.1,0.433,2.5,6.7,0.37200000000000005,2.3,4.4,0.526,2.3,3.0,0.773,1.0,4.8,5.7,1.5,2.3,1.1,-1.1,-3.7,14.5
360,Boban Marjanović,PHI,22,3,3.4,5.5,0.625,0.2,0.4,0.5,3.2,5.1,0.634,1.2,1.6,0.722,1.5,3.7,5.1,1.5,0.2,0.5,-1.0,-1.5,8.2
361,Bobby Portis,CHI,22,6,5.5,12.3,0.45,1.2,3.3,0.375,4.3,9.0,0.47700000000000004,1.8,2.3,0.78,2.1,5.2,7.3,1.3,0.5,0.4,-1.3,-2.8,14.1
362,Courtney Lee,DAL,22,4,1.5,3.7,0.39,0.5,1.8,0.282,1.0,2.0,0.488,0.2,0.3,0.7140000000000001,0.1,1.1,1.2,1.0,0.6,0.0,-0.4,-0.9,3.6
363,Isaac Bonga,LAL,22,0,0.2,1.5,0.152,0.0,0.4,0.0,0.2,1.1,0.2,0.4,0.7,0.6,0.4,0.7,1.1,0.7,0.4,0.2,-0.3,-0.4,0.9
364,Johnathan Motley,LAC,22,0,1.8,3.3,0.534,0.0,0.1,0.0,1.8,3.2,0.557,1.1,1.8,0.6,0.8,1.5,2.3,0.5,0.2,0.1,-0.7,-1.2,4.6
365,Dennis Smith Jr.,NYK,21,18,5.8,14.0,0.413,1.1,4.0,0.289,4.6,10.0,0.462,2.0,3.5,0.568,0.7,2.1,2.8,5.4,1.3,0.4,-2.6,-2.2,14.7
366,Timothé Luwawu-Cabar,OKC,21,1,0.6,2.0,0.302,0.2,1.0,0.22699999999999998,0.4,1.0,0.381,0.2,0.3,0.667,0.2,0.7,0.9,0.2,0.2,0.0,-0.2,-0.7,1.7
367,Shake Milton,PHI,20,0,1.7,4.4,0.391,0.7,2.2,0.318,1.0,2.2,0.465,0.3,0.4,0.7140000000000001,0.5,1.3,1.8,0.9,0.4,0.4,-0.3,-1.5,4.4
368,Anfernee Simons,POR,20,1,1.4,3.2,0.444,0.5,1.5,0.345,0.9,1.7,0.529,0.5,0.8,0.563,0.2,0.5,0.7,0.7,0.1,0.0,-0.6,-0.5,3.8
369,Iman Shumpert,HOU,20,1,1.7,4.9,0.34700000000000003,1.1,3.6,0.29600000000000004,0.7,1.4,0.48100000000000004,0.1,0.2,0.5,0.4,2.3,2.7,1.1,0.6,0.2,-0.6,-1.8,4.6
370,Ben McLemore,SAC,19,0,1.3,3.4,0.391,0.9,2.2,0.415,0.4,1.2,0.348,0.4,0.6,0.667,0.2,0.7,0.9,0.2,0.3,0.2,-0.3,-1.2,3.9
371,DeAndre Jordan,NYK,19,19,4.1,6.5,0.634,0.0,0.0,0.0,4.1,6.5,0.634,2.7,3.5,0.773,3.4,8.0,11.4,3.0,0.5,1.1,-2.2,-2.2,10.9
372,Jonas Valančiūnas,MEM,19,17,8.0,14.7,0.545,0.3,0.9,0.278,7.7,13.7,0.563,3.7,4.8,0.769,2.7,7.9,10.7,2.2,0.3,1.6,-2.7,-3.4,19.9
373,Kadeem Allen,NYK,19,1,3.4,7.4,0.461,0.9,1.9,0.47200000000000003,2.5,5.5,0.457,2.2,2.8,0.778,0.4,2.3,2.7,4.0,0.8,0.2,-1.4,-2.4,9.9
374,Markelle Fultz,PHI,19,15,3.4,8.2,0.419,0.2,0.7,0.28600000000000003,3.2,7.4,0.433,1.1,1.9,0.568,1.4,2.3,3.7,3.1,0.9,0.3,-1.3,-2.7,8.2
375,Reggie Bullock,LAL,19,16,3.3,8.1,0.41200000000000003,1.8,5.2,0.34299999999999997,1.5,2.8,0.537,0.9,1.1,0.81,0.1,2.5,2.6,1.1,0.8,0.4,-0.6,-1.6,9.3
376,Tim Hardaway Jr.,DAL,19,17,5.7,14.1,0.40399999999999997,2.4,7.4,0.321,3.3,6.7,0.496,1.7,2.3,0.767,0.4,2.8,3.2,1.9,0.6,0.1,-1.3,-1.8,15.5
377,Stanley Johnson,NOP,18,0,2.1,5.1,0.418,0.6,1.9,0.324,1.5,3.2,0.474,0.5,0.7,0.6920000000000001,0.5,1.8,2.3,1.6,0.7,0.1,-1.4,-1.2,5.3
378,Theo Pinson,BKN,18,0,1.4,4.1,0.342,0.7,2.6,0.261,0.7,1.5,0.48100000000000004,1.1,1.2,0.8640000000000001,0.2,1.8,2.0,1.2,0.3,0.0,-1.0,-0.8,4.5
379,Caleb Swanigan,POR,18,0,0.8,2.4,0.318,0.1,0.3,0.2,0.7,2.2,0.33299999999999996,0.3,0.4,0.857,0.7,2.2,2.9,0.4,0.2,0.0,-0.9,-1.2,1.9
380,Dillon Brooks,MEM,18,0,2.7,6.8,0.402,0.8,2.2,0.375,1.9,4.6,0.415,1.2,1.7,0.733,0.5,1.2,1.7,0.9,0.6,0.2,-1.1,-2.8,7.5
381,James Ennis,PHI,18,2,1.9,4.6,0.41,0.6,2.0,0.306,1.3,2.6,0.489,0.9,1.3,0.696,1.3,2.3,3.6,0.8,0.2,0.4,-0.6,-2.2,5.3
382,Alec Burks,UTA,17,0,2.8,6.7,0.41200000000000003,0.9,2.5,0.37200000000000005,1.8,4.2,0.43700000000000006,1.9,2.2,0.868,0.1,1.5,1.6,1.2,0.4,0.2,-0.9,-1.3,8.4
383,Henry Ellenson,NYK,17,0,2.1,5.0,0.41200000000000003,0.9,2.0,0.441,1.2,3.0,0.392,1.0,1.4,0.7390000000000001,0.3,3.1,3.4,0.9,0.4,0.1,-0.5,-1.5,6.0
384,Jarred Vanderbilt,DEN,17,0,0.5,1.1,0.474,0.0,0.1,0.0,0.5,1.1,0.5,0.4,0.6,0.6,0.4,0.9,1.4,0.2,0.4,0.1,-0.5,-0.5,1.4
385,Lonnie Walker,SAS,17,0,0.9,2.7,0.348,0.3,0.8,0.385,0.6,1.9,0.33299999999999996,0.5,0.6,0.8,0.0,1.0,1.0,0.5,0.4,0.2,-0.2,-0.4,2.6
386,Mike Muscala,LAL,17,4,2.1,4.9,0.434,1.2,3.4,0.368,0.9,1.5,0.5770000000000001,0.4,0.5,0.875,0.4,2.2,2.6,0.8,0.2,0.6,-0.3,-1.1,5.9
387,Kyle Korver,CLE,16,0,2.2,4.8,0.461,1.6,3.4,0.46299999999999997,0.6,1.4,0.455,0.8,1.0,0.813,0.0,1.8,1.8,1.1,0.2,0.1,-1.1,-1.4,6.8
388,Marquese Chriss,HOU,16,0,0.7,2.1,0.324,0.1,0.9,0.067,0.6,1.2,0.526,0.4,0.4,0.857,0.4,1.3,1.8,0.4,0.1,0.3,-0.8,-1.1,1.8
389,Michael Carter-Willi,HOU,16,1,1.6,3.8,0.41,0.4,1.2,0.368,1.1,2.6,0.429,0.8,1.6,0.462,0.2,0.6,0.8,1.3,0.6,0.4,-0.6,-1.7,4.3
390,Brandon Goodwin,DEN,16,0,0.4,1.4,0.261,0.1,0.4,0.33299999999999996,0.3,1.1,0.235,0.6,0.7,0.818,0.1,0.1,0.2,0.9,0.0,0.0,-0.2,-0.4,1.4
391,Duncan Robinson,MIA,15,1,1.2,3.1,0.391,0.7,2.3,0.28600000000000003,0.5,0.7,0.727,0.3,0.4,0.667,0.1,1.1,1.3,0.3,0.3,0.0,-0.3,-0.7,3.3
392,Gary Trent Jr.,POR,15,1,1.1,3.3,0.32,0.3,1.4,0.23800000000000002,0.7,1.9,0.379,0.2,0.5,0.429,0.1,0.7,0.7,0.3,0.1,0.1,-0.3,-0.3,2.7
393,Otto Porter,CHI,15,15,6.5,13.4,0.483,2.6,5.3,0.488,3.9,8.1,0.479,1.9,2.1,0.9059999999999999,0.9,4.6,5.5,2.7,1.2,0.6,-1.7,-1.9,17.5
394,Ryan Anderson,PHX,15,8,1.3,4.0,0.317,0.5,2.3,0.20600000000000002,0.8,1.7,0.462,0.7,0.9,0.7859999999999999,0.9,2.1,3.0,1.1,0.2,0.1,-0.8,-1.5,3.7
395,Wilson Chandler,LAC,15,1,1.5,4.4,0.348,0.9,2.7,0.325,0.7,1.7,0.385,0.3,0.5,0.7140000000000001,0.3,2.9,3.1,0.7,0.2,0.2,-0.5,-1.9,4.3
396,Yuta Watanabe,MEM,15,0,1.0,3.4,0.294,0.1,1.1,0.125,0.9,2.3,0.371,0.5,0.7,0.7,0.3,1.8,2.1,0.5,0.3,0.1,-0.4,-0.7,2.6
397,Naz Mitrou-Long,UTA,14,0,0.4,1.4,0.3,0.1,0.8,0.182,0.3,0.6,0.444,0.1,0.1,1.0,0.1,0.4,0.4,1.1,0.1,0.1,-0.6,-0.7,1.1
398,Alize Johnson,IND,14,0,0.3,1.1,0.25,0.1,0.1,0.5,0.2,1.0,0.214,0.3,0.6,0.5,0.3,1.1,1.4,0.1,0.1,0.2,-0.0,-0.5,0.9
399,Avery Bradley,MEM,14,14,6.2,13.4,0.46299999999999997,2.0,5.2,0.384,4.2,8.2,0.513,1.6,1.8,0.92,0.6,2.6,3.1,4.0,1.0,0.0,-2.0,-2.4,16.1
400,John Henson,MIL,14,0,2.2,4.8,0.46299999999999997,0.8,2.2,0.355,1.4,2.6,0.556,0.4,0.7,0.6,1.1,3.9,5.1,1.0,0.5,0.8,-0.9,-1.1,5.6
401,Alec Burks,SAC,13,0,0.7,1.5,0.45,0.0,0.5,0.0,0.7,1.1,0.643,0.3,0.4,0.8,0.2,1.5,1.7,0.8,0.6,0.1,-0.3,-0.5,1.7
402,C.J. Miles,MEM,13,0,3.2,8.1,0.4,1.8,5.1,0.364,1.4,3.0,0.462,1.0,1.1,0.929,0.1,2.0,2.1,1.1,0.6,0.4,-0.7,-1.3,9.3
403,Dario Šarić,PHI,13,13,3.7,10.2,0.364,1.6,5.4,0.3,2.1,4.8,0.435,2.1,2.3,0.9,1.6,5.0,6.6,2.0,0.3,0.2,-1.9,-3.0,11.1
404,George Hill,CLE,13,13,4.2,8.2,0.514,1.0,2.2,0.46399999999999997,3.2,6.1,0.532,1.3,1.5,0.85,0.9,1.2,2.1,2.8,0.9,0.1,-1.5,-2.7,10.8
405,Robert Covington,PHI,13,13,3.8,9.0,0.42700000000000005,2.3,5.9,0.39,1.5,3.1,0.5,1.3,1.8,0.7390000000000001,0.5,4.6,5.2,1.1,1.8,1.8,-1.7,-3.5,11.3
406,Skal Labissière,SAC,13,0,1.0,2.3,0.433,0.3,0.8,0.364,0.7,1.5,0.474,0.5,0.8,0.545,0.3,1.5,1.8,0.5,0.2,0.2,-0.5,-1.6,2.8
407,Tyler Johnson,PHX,13,12,3.5,9.6,0.368,1.4,4.3,0.321,2.2,5.3,0.406,2.6,3.0,0.872,1.2,2.8,4.0,4.2,1.1,0.5,-1.1,-1.9,11.1
408,Matthew Dellavedova,MIL,12,0,0.5,1.6,0.316,0.3,0.9,0.364,0.2,0.7,0.25,0.3,0.3,1.0,0.0,0.8,0.8,2.4,0.2,0.0,-0.9,-0.8,1.7
409,Michael Carter-Willi,ORL,12,0,1.8,5.2,0.33899999999999997,0.3,1.6,0.158,1.5,3.6,0.419,1.7,2.3,0.741,1.3,3.4,4.8,4.1,0.9,0.8,-0.8,-1.8,5.4
410,Amile Jefferson,ORL,12,0,0.8,1.3,0.625,0.0,0.0,0.0,0.8,1.3,0.625,0.6,0.7,0.875,0.5,1.3,1.8,0.3,0.3,0.3,-0.1,-0.7,2.3
411,Brandon Knight,HOU,12,0,0.9,3.9,0.23399999999999999,0.4,2.7,0.156,0.5,1.3,0.4,0.8,0.9,0.818,0.1,0.7,0.8,0.8,0.2,0.0,-0.4,-1.2,3.0
412,Courtney Lee,NYK,12,2,1.8,3.9,0.447,0.4,1.3,0.313,1.3,2.6,0.516,0.8,1.2,0.643,0.5,1.8,2.3,1.3,0.7,0.2,-0.4,-1.1,4.7
413,Isaiah Thomas,DEN,12,0,2.8,8.3,0.34299999999999997,1.0,3.6,0.27899999999999997,1.8,4.7,0.39299999999999996,1.4,2.3,0.63,0.4,0.7,1.1,1.9,0.4,0.1,-1.5,-1.4,8.1
414,J.R. Smith,CLE,11,4,2.5,7.2,0.342,1.1,3.5,0.308,1.4,3.6,0.375,0.7,0.9,0.8,0.0,1.6,1.6,1.9,1.0,0.3,-1.0,-1.7,6.7
415,Malcolm Miller,TOR,10,0,1.1,2.6,0.423,1.0,2.1,0.47600000000000003,0.1,0.5,0.2,0.3,0.4,0.75,0.1,0.4,0.5,0.1,0.1,0.1,-0.1,-0.5,3.5
416,Melvin Frazier,ORL,10,0,0.7,2.1,0.33299999999999996,0.0,0.6,0.0,0.7,1.5,0.467,0.1,0.4,0.25,0.3,0.2,0.5,0.1,0.1,0.0,-0.1,-0.6,1.5
417,Ryan Anderson,MIA,10,0,0.2,0.9,0.222,0.2,0.6,0.33299999999999996,0.0,0.3,0.0,0.1,0.2,0.5,0.4,0.5,0.9,0.2,0.1,0.0,-0.2,-0.2,0.7
418,Udonis Haslem,MIA,10,1,1.1,3.3,0.33299999999999996,0.0,1.2,0.0,1.1,2.1,0.524,0.3,0.4,0.75,0.3,2.4,2.7,0.2,0.0,0.0,-0.3,-0.9,2.5
419,Carmelo Anthony,HOU,10,2,4.9,12.1,0.405,2.1,6.4,0.32799999999999996,2.8,5.7,0.491,1.5,2.2,0.682,0.9,4.5,5.4,0.5,0.4,0.7,-0.8,-3.2,13.4
420,Jimmy Butler,MIN,10,10,7.4,15.7,0.47100000000000003,1.7,4.5,0.37799999999999995,5.7,11.2,0.509,4.8,6.1,0.787,1.6,3.6,5.2,4.3,2.4,1.0,-1.4,-1.8,21.3
421,Cameron Payne,CLE,9,1,3.0,6.1,0.491,1.0,2.8,0.36,2.0,3.3,0.6,1.2,1.8,0.688,0.3,1.8,2.1,2.6,0.9,0.3,-1.2,-1.7,8.2
422,Dwight Howard,WAS,9,9,4.8,7.7,0.623,0.0,0.0,0.0,4.8,7.7,0.623,3.2,5.3,0.604,2.7,6.6,9.2,0.4,0.8,0.4,-1.8,-3.8,12.8
423,Džanan Musa,BKN,9,0,1.0,2.4,0.409,0.1,1.1,0.1,0.9,1.3,0.667,0.0,0.2,0.0,0.1,0.4,0.6,0.2,0.2,0.0,-0.4,-0.1,2.1
424,Skal Labissière,POR,9,1,1.4,2.1,0.684,0.2,0.2,1.0,1.2,1.9,0.647,0.3,0.7,0.5,0.6,1.6,2.1,0.6,0.3,0.3,-0.4,-0.9,3.4
425,Daryl Macon,DAL,8,0,1.3,3.4,0.37,0.6,1.4,0.455,0.6,2.0,0.313,0.5,0.9,0.5710000000000001,0.3,1.3,1.5,0.9,0.1,0.0,-0.8,-1.0,3.6
426,Chris Chiozza,HOU,7,0,0.3,1.1,0.25,0.3,0.7,0.4,0.0,0.4,0.0,0.0,0.0,0.0,0.1,0.4,0.6,0.6,0.1,0.1,-0.1,-0.3,0.9
427,Corey Brewer,PHI,7,3,2.9,7.0,0.408,0.6,2.0,0.28600000000000003,2.3,5.0,0.457,1.3,1.9,0.6920000000000001,0.6,1.9,2.4,1.4,1.7,0.3,-1.1,-2.3,7.6
428,Tyson Chandler,PHX,7,0,1.1,1.7,0.667,0.0,0.0,0.0,1.1,1.7,0.667,1.4,2.6,0.556,1.0,4.6,5.6,0.9,0.3,0.1,-1.0,-3.0,3.7
429,PJ Dozier,BOS,6,0,1.3,3.5,0.381,0.3,1.3,0.25,1.0,2.2,0.462,0.2,0.3,0.5,1.0,1.8,2.8,0.8,0.3,0.0,-0.0,-0.3,3.2
430,Zhaire Smith,PHI,6,2,2.3,5.7,0.41200000000000003,1.0,2.7,0.375,1.3,3.0,0.444,1.0,1.3,0.75,0.5,1.7,2.2,1.7,0.3,0.3,-1.0,-1.3,6.7
431,B.J. Johnson,ATL,6,0,1.3,2.7,0.5,0.5,1.0,0.5,0.8,1.7,0.5,0.3,0.3,1.0,0.3,1.0,1.3,0.0,0.3,0.0,-0.3,-0.5,3.5
432,Luc Mbah a Moute,LAC,4,0,2.0,4.5,0.444,0.5,1.5,0.33299999999999996,1.5,3.0,0.5,0.5,1.3,0.4,0.5,1.3,1.8,0.5,0.3,0.3,-0.5,-2.0,5.0
433,Tyler Zeller,MEM,4,1,4.0,7.0,0.5710000000000001,0.0,0.0,0.0,4.0,7.0,0.5710000000000001,3.5,4.5,0.778,2.3,2.3,4.5,0.8,0.3,0.8,-1.0,-4.0,11.5
434,JaKarr Sampson,CHI,4,0,7.3,13.5,0.537,1.3,3.5,0.35700000000000004,6.0,10.0,0.6,4.3,5.3,0.81,1.3,6.8,8.0,1.0,1.0,0.8,-1.0,-2.0,20.0
435,Caleb Swanigan,SAC,3,0,1.3,3.0,0.444,0.0,0.7,0.0,1.3,2.3,0.5710000000000001,0.0,0.7,0.0,1.3,2.7,4.0,1.3,0.7,0.3,-0.7,-2.0,2.7
436,Gary Payton II,WAS,3,0,1.7,2.7,0.625,0.3,0.7,0.5,1.3,2.0,0.667,0.0,0.0,0.0,0.3,0.3,0.7,1.3,1.0,0.3,-0.3,-0.7,3.7
437,Justin Patton,PHI,3,0,0.7,2.3,0.28600000000000003,0.0,0.7,0.0,0.7,1.7,0.4,0.3,0.7,0.5,0.7,1.3,2.0,1.0,0.7,0.0,-0.0,-1.7,1.7
438,Patrick McCaw,CLE,3,0,0.7,3.0,0.222,0.3,1.3,0.25,0.3,1.7,0.2,0.0,0.0,0.0,0.0,1.0,1.0,0.7,0.7,0.0,-1.0,-0.3,1.7
439,Tony Bradley,UTA,3,0,2.7,5.3,0.5,0.0,0.0,0.0,2.7,5.3,0.5,0.3,0.7,0.5,3.0,2.0,5.0,0.3,0.7,0.7,-1.0,-2.0,5.7
440,Kostas Antetokounmpo,DAL,2,0,0.0,1.5,0.0,0.0,0.0,0.0,0.0,1.5,0.0,1.0,2.0,0.5,0.0,0.5,0.5,0.0,1.0,0.0,-0.5,-0.0,1.0
441,Tyler Zeller,ATL,2,0,0.0,1.0,0.0,0.0,0.5,0.0,0.0,0.5,0.0,0.0,0.0,0.0,1.0,2.0,3.0,0.5,0.0,0.0,-0.0,-2.0,0.0
442,Wesley Matthews,NYK,2,1,2.0,9.5,0.21100000000000002,1.0,5.0,0.2,1.0,4.5,0.222,2.0,2.5,0.8,0.5,1.0,1.5,2.5,0.5,0.5,-1.0,-1.0,7.0
443,Dusty Hannahs,MEM,2,0,1.5,6.0,0.25,0.0,2.5,0.0,1.5,3.5,0.429,1.0,1.0,1.0,0.0,0.5,0.5,2.5,0.5,0.0,-0.5,-0.5,4.0
444,Henry Ellenson,DET,2,0,2.0,5.0,0.4,1.0,2.0,0.5,1.0,3.0,0.33299999999999996,1.0,1.0,1.0,0.0,4.5,4.5,0.5,0.0,0.0,-0.0,-1.0,6.0
445,J.P. Macura,CHA,2,0,1.5,4.5,0.33299999999999996,0.0,2.0,0.0,1.5,2.5,0.6,0.0,0.0,0.0,0.0,1.5,1.5,1.0,0.0,0.0,-0.0,-0.0,3.0
446,B.J. Johnson,SAC,1,0,1.0,2.0,0.5,0.0,1.0,0.0,1.0,1.0,1.0,0.0,0.0,0.0,0.0,0.0,0.0,0.0,0.0,0.0,-0.0,-1.0,2.0
447,Joe Chealey,CHA,1,0,1.0,3.0,0.33299999999999996,0.0,0.0,0.0,1.0,3.0,0.33299999999999996,0.0,0.0,0.0,0.0,0.0,0.0,1.0,0.0,0.0,-0.0,-1.0,2.0
