,0,1,2,3,4
1,IND,SAC,39胜26负,28胜36负,132:131
3,SAC,IND,28胜36负,39胜26负,106:130
4,LAL,GSW,49胜14负,15胜50负,123:101
5,ORL,SAS,30胜35负,27胜36负,125:89
8,CHA,BOS,23胜42负,43胜21负,106:107
11,ORL,DET,30胜35负,20胜46负,115:91
12,NYK,WAS,21胜45负,24胜40负,104:99
13,NOP,ATL,28胜36负,20胜47负,133:109
14,MIL,CHI,53胜12负,22胜43负,122:112
16,SAS,MIA,27胜36负,41胜24负,89:107
17,DAL,OKC,40胜27负,40胜24负,104:119
19,MIN,PHX,19胜45负,26胜39负,106:111
20,DEN,POR,43胜22负,29胜37负,105:94
22,DAL,DET,40胜27负,20胜46负,117:124
23,MIA,CHA,41胜24负,23胜42负,108:94
24,ORL,ATL,30胜35负,20胜47负,97:88
25,UTA,MIL,41胜23负,53胜12负,99:133
26,NOP,CHI,28胜36负,22胜43负,127:125
28,PHX,SAC,26胜39负,28胜36负,88:105
30,DEN,LAC,43胜22负,44胜20负,111:91
31,MIN,GSW,19胜45负,15胜50负,123:143
32,CHI,IND,22胜43负,39胜26负,87:105
33,CLE,DET,19胜46负,20胜46负,105:109
34,BOS,ORL,43胜21负,30胜35负,100:75
35,PHI,CHA,39胜26负,23胜42负,100:87
36,WAS,NYK,24胜40负,21胜45负,115:99
37,UTA,NOP,41胜23负,28胜36负,127:128
38,MIL,DAL,53胜12负,40胜27负,118:111
39,PHX,POR,26胜39负,29胜37负,134:118
40,CLE,BOS,19胜46负,43胜21负,72:118
42,NOP,SAS,28胜36负,27胜36负,123:114
43,CHI,TOR,22胜43负,46胜18负,105:91
44,MIL,WAS,53胜12负,24胜40负,115:108
45,PHI,ORL,39胜26负,30胜35负,126:94
47,ATL,MIA,20胜47负,41胜24负,87:120
48,CHA,MEM,23胜42负,32胜33负,120:99
49,OKC,DAL,40胜24负,40胜27负,70:107
50,SAC,UTA,28胜36负,41胜23负,128:115
51,DEN,PHX,43胜22负,26胜39负,107:102
52,GSW,LAL,15胜50负,49胜14负,98:104
53,BOS,CLE,43胜21负,19胜46负,118:95
54,DET,PHI,20胜46负,39胜26负,86:106
55,MIN,IND,19胜45负,39胜26负,119:111
56,DET,CHA,20胜46负,23胜42负,116:110
57,ATL,NYK,20胜47负,21胜45负,100:96
58,MEM,OKC,32胜33负,40胜24负,124:119
59,POR,UTA,29胜37负,41胜23负,126:118
61,GSW,LAL,15胜50负,49胜14负,93:126
62,MIA,ORL,41胜24负,30胜35负,107:98
63,MIN,MIL,19胜45负,53胜12负,96:118
64,ATL,CHI,20胜47负,22胜43负,93:111
65,POR,DEN,29胜37负,43胜22负,104:110
66,DAL,LAC,40胜27负,44胜20负,102:87
67,WAS,PHI,24胜40负,39胜26负,112:93
68,TOR,BKN,46胜18负,30胜34负,123:107
69,NOP,NYK,28胜36负,21胜45负,117:116
70,MEM,SAS,32胜33负,27胜36负,91:104
71,LAL,GSW,49胜14负,15胜50负,103:124
72,NOP,TOR,28胜36负,46胜18负,122:130
73,LAL,LAC,49胜14负,44胜20负,102:112
74,CHI,CHA,22胜43负,23胜42负,125:126
75,CLE,ORL,19胜46负,30胜35负,85:94
76,DET,IND,20胜46负,39胜26负,119:110
77,MEM,MIA,32胜33负,41胜24负,101:120
78,BOS,PHI,43胜21负,39胜26负,93:107
79,MIN,BKN,19胜45负,30胜34负,127:126
80,WAS,DAL,24胜40负,40胜27负,100:108
81,NYK,SAS,21胜45负,27胜36负,111:120
82,OKC,UTA,40胜24负,41胜23负,95:100
83,SAC,PHX,28胜36负,26胜39负,95:124
84,DEN,POR,43胜22负,29胜37负,108:100
85,ATL,DET,20胜47负,20胜46负,117:100
86,MIL,HOU,53胜12负,40胜24负,117:111
87,LAC,GSW,44胜20负,15胜50负,141:122
88,MIN,CHA,19胜45负,23胜42负,121:99
89,TOR,BOS,46胜18负,43胜21负,106:112
90,NYK,BKN,21胜45负,30胜34负,109:113
91,DAL,NOP,40胜27负,28胜36负,123:116
92,CHI,MEM,22胜43负,32胜33负,110:102
93,WAS,OKC,24胜40负,40胜24负,97:85
94,PHX,DEN,26胜39负,43胜22负,107:108
95,POR,SAC,29胜37负,28胜36负,122:112
96,UTA,LAL,41胜23负,49胜14负,86:95
97,MIA,MIL,41胜24负,53胜12负,131:126
98,PHI,DET,39胜26负,20胜46负,117:111
99,ORL,ATL,30胜35负,20胜47负,99:103
100,BOS,NYK,43胜21负,21胜45负,118:95
101,IND,CLE,39胜26负,19胜46负,99:110
102,TOR,CHI,46胜18负,22胜43负,108:84
103,NOP,HOU,28胜36负,40胜24负,123:126
104,WAS,SAS,24胜40负,27胜36负,122:124
105,SAC,UTA,28胜36负,41胜23负,81:113
106,LAC,PHX,44胜20负,26胜39负,122:130
107,GSW,OKC,15胜50负,40胜24负,92:120
108,BKN,MEM,30胜34负,32胜33负,133:134
109,POR,DAL,29胜37负,40胜27负,121:119
110,MIA,MIN,41胜24负,19胜45负,109:116
111,CHA,LAL,23胜42负,49胜14负,101:120
112,CHI,NYK,22胜43负,21胜45负,98:105
113,IND,DET,39胜26负,20胜46负,94:96
114,PHI,ATL,39胜26负,20胜47负,105:103
115,ORL,TOR,30胜35负,46胜18负,95:104
116,GSW,NOP,15胜50负,28胜36负,134:123
117,CLE,MIL,19胜46负,53胜12负,112:129
118,OKC,HOU,40胜24负,40胜24负,112:116
119,POR,SAS,29胜37负,27胜36负,110:113
120,UTA,PHX,41胜23负,26胜39负,96:95
121,DEN,SAC,43胜22负,28胜36负,101:94
122,CHA,LAC,23胜42负,44胜20负,96:111
123,ATL,MIA,20胜47负,41胜24负,97:112
124,DAL,DEN,40胜27负,43胜22负,109:106
125,MEM,LAL,32胜33负,49胜14负,91:120
126,NYK,ORL,21胜45负,30胜35负,83:95
127,CHI,CLE,22胜43负,19胜46负,111:117
128,MIN,PHI,19胜45负,39胜26负,95:117
129,MIL,BOS,53胜12负,43胜21负,105:116
130,IND,BKN,39胜26负,30胜34负,118:108
131,DET,TOR,20胜46负,46胜18负,113:125
132,POR,OKC,29胜37负,40胜24负,102:99
133,HOU,WAS,40胜24负,24胜40负,159:158
134,CHA,SAC,23胜42负,28胜36负,118:111
135,LAC,UTA,44胜20负,41胜23负,96:110
136,PHX,GSW,26胜39负,15胜50负,121:110
137,MIA,ATL,41胜24负,20胜47负,106:97
138,DEN,NOP,43胜22负,28胜36负,107:122
139,SAS,LAC,27胜36负,44胜20负,97:103
140,CLE,IND,19胜46负,39胜26负,95:102
141,MIL,ORL,53胜12负,30胜35负,123:91
142,HOU,BKN,40胜24负,30胜34负,116:123
143,NYK,BOS,21胜45负,43胜21负,102:104
144,DET,CHI,20胜46负,22胜43负,106:112
145,LAL,DAL,49胜14负,40胜27负,119:110
146,UTA,SAC,41胜23负,28胜36负,101:102
147,SAS,GSW,27胜36负,15胜50负,127:110
148,NOP,OKC,28胜36负,40胜24负,104:115
149,BKN,DET,30胜34负,20胜46负,109:113
150,DEN,ORL,43胜22负,30胜35负,91:87
151,TOR,MIL,46胜18负,53胜12负,105:115
152,PHX,MEM,26胜39负,32胜33负,114:105
153,MIN,WAS,19胜45负,24胜40负,131:109
154,CHA,GSW,23胜42负,15胜50负,93:87
155,PHI,POR,39胜26负,29胜37负,129:128
156,CHI,IND,22胜43负,39胜26负,95:108
157,SAC,NYK,28胜36负,21胜45负,113:92
158,HOU,MIA,40胜24负,41胜24负,100:129
159,LAL,SAS,49胜14负,27胜36负,103:96
160,DAL,CLE,40胜27负,19胜46负,131:111
161,UTA,LAC,41胜23负,44胜20负,94:105
162,DET,WAS,20胜46负,24胜40负,99:115
163,NOP,BKN,28胜36负,30胜34负,125:135
164,MIL,MIN,53胜12负,19胜45负,134:106
165,HOU,MEM,40胜24负,32胜33负,107:100
166,PHI,PHX,39胜26负,26胜39负,109:114
167,POR,GSW,29胜37负,15胜50负,118:127
168,BOS,CLE,43胜21负,19胜46负,119:113
169,IND,CHA,39胜26负,23胜42负,120:122
170,SAS,ATL,27胜36负,20胜47负,100:108
171,LAL,CHI,49胜14负,22胜43负,118:112
172,ORL,OKC,30胜35负,40胜24负,94:102
173,MIA,DEN,41胜24负,43胜22负,89:109
174,WAS,IND,24胜40负,39胜26负,106:121
175,NYK,DET,21胜45负,20胜46负,102:122
176,CHI,ATL,22胜43负,20胜47负,113:93
177,SAC,TOR,28胜36负,46胜18负,120:124
178,GSW,HOU,15胜50负,40胜24负,112:129
179,MIN,MEM,19胜45负,32胜33负,121:137
180,ORL,DAL,30胜35负,40胜27负,106:107
181,PHI,UTA,39胜26负,41胜23负,104:106
182,MIL,LAC,53胜12负,44胜20负,129:124
183,BOS,CHA,43胜21负,23胜42负,108:87
184,OKC,SAS,40胜24负,27胜36负,112:121
185,MIA,PHX,41胜24负,26胜39负,124:108
186,POR,LAC,29胜37负,44胜20负,101:107
187,MEM,ORL,32胜33负,30胜35负,86:118
188,CLE,WAS,19胜46负,24胜40负,113:100
189,DET,IND,20胜46负,39胜26负,106:112
190,SAC,ATL,28胜36负,20胜47负,121:109
191,GSW,MIN,15胜50负,19胜45负,119:125
192,TOR,NOP,46胜18负,28胜36负,122:104
193,NYK,DAL,21胜45负,40胜27负,106:102
194,PHI,DEN,39胜26负,43胜22负,97:100
195,MIL,UTA,53胜12负,41胜23负,100:103
196,BKN,POR,30胜34负,29胜37负,119:115
197,MIA,LAL,41胜24负,49胜14负,80:95
198,BOS,SAS,43胜21负,27胜36负,135:115
199,NOP,CHA,28胜36负,23胜42负,115:110
200,DAL,MEM,40胜27负,32胜33负,138:122
201,GSW,OKC,15胜50负,40胜24负,108:114
202,HOU,CHI,40胜24负,22胜43负,117:94
203,DEN,MIN,43胜22负,19胜45负,100:98
204,IND,ORL,39胜26负,30胜35负,109:102
205,CHA,PHI,23胜42负,39胜26负,106:114
206,MIL,OKC,53胜12负,40胜24负,121:119
207,CLE,NYK,19胜46负,21胜45负,108:87
208,BKN,PHX,30胜34负,26胜39负,112:138
209,ATL,POR,20胜47负,29胜37负,113:124
210,TOR,LAL,46胜18负,49胜14负,113:104
211,MIN,DET,19胜45负,20胜46负,120:114
212,DAL,BOS,40胜27负,43胜21负,106:116
213,MEM,SAS,32胜33负,27胜36负,113:109
214,HOU,NOP,40胜24负,28胜36负,122:116
215,UTA,GSW,41胜23负,15胜50负,122:108
216,TOR,LAC,46胜18负,44胜20负,88:98
217,CLE,PHI,19胜46负,39胜26负,97:98
218,OKC,IND,40胜24负,39胜26负,85:111
219,DET,MIA,20胜46负,41胜24负,108:117
220,NYK,CHI,21胜45负,22胜43负,102:120
221,ATL,DEN,20胜47负,43胜22负,125:121
222,LAL,PHX,49胜14负,26胜39负,123:115
223,BKN,UTA,30胜34负,41胜23负,114:119
224,POR,SAC,29胜37负,28胜36负,99:107
225,MEM,CHA,32胜33负,23胜42负,119:117
226,PHI,ORL,39胜26负,30胜35负,97:112
227,LAC,HOU,44胜20负,40胜24负,93:102
228,WAS,BOS,24胜40负,43胜21负,133:140
229,SAS,MIN,27胜36负,19胜45负,114:129
230,GSW,LAL,15胜50负,49胜14负,94:120
231,TOR,POR,46胜18负,29胜37负,114:106
232,MIA,CLE,41胜24负,19胜46负,108:97
233,LAC,NOP,44胜20负,28胜36负,127:132
234,DAL,NYK,40胜27负,21胜45负,103:106
235,CHI,MIL,22胜43负,53胜12负,115:124
236,ATL,PHX,20胜47负,26胜39负,112:128
237,BKN,DEN,30胜34负,43胜22负,93:101
238,DET,CHA,20胜46负,23胜42负,106:109
239,SAS,ORL,27胜36负,30胜35负,109:111
240,IND,HOU,39胜26负,40胜24负,102:111
241,WAS,MIN,24胜40负,19胜45负,137:116
242,UTA,MEM,41胜23负,32胜33负,106:107
243,PHI,OKC,39胜26负,40胜24负,119:127
244,SAC,LAL,28胜36负,49胜14负,97:99
245,BOS,GSW,43胜21负,15胜50负,105:100
246,BKN,CHI,30胜34负,22胜43负,117:111
247,MIL,IND,53胜12负,39胜26负,102:83
248,CHA,NYK,23胜42负,21胜45负,103:102
249,HOU,MIN,40胜24负,19胜45负,125:105
250,NOP,MIA,28胜36负,41胜24负,94:109
251,TOR,DAL,46胜18负,40胜27负,102:110
252,POR,SAS,29胜37负,27胜36负,121:116
253,ATL,LAC,20胜47负,44胜20负,101:150
254,PHI,CLE,39胜26负,19胜46负,114:95
255,BOS,SAC,43胜21负,28胜36负,99:100
256,WAS,ORL,24胜40负,30胜35负,121:125
257,DEN,MEM,43胜22负,32胜33负,131:114
258,GSW,NOP,15胜50负,28胜36负,100:108
259,ATL,LAL,20胜47负,49胜14负,101:122
260,CLE,NYK,19胜46负,21胜45负,105:123
261,IND,BKN,39胜26负,30胜34负,115:86
262,CHA,TOR,23胜42负,46胜18负,96:132
263,POR,HOU,29胜37负,40胜24负,108:132
264,MIL,CHI,53胜12负,22胜43负,115:101
265,SAS,DAL,27胜36负,40胜27负,110:117
266,BOS,PHX,43胜21负,26胜39负,99:85
267,MIN,UTA,19胜45负,41胜23负,112:102
268,OKC,LAC,40胜24负,44胜20负,88:90
269,GSW,MEM,15胜50负,32胜33负,114:95
270,POR,NOP,29胜37负,28胜36负,104:115
271,PHX,SAC,26胜39负,28胜36负,116:120
272,OKC,LAL,40胜24负,49胜14负,107:112
273,NYK,PHI,21胜45负,39胜26负,104:109
274,SAS,WAS,27胜36负,24胜40负,132:138
275,GSW,DAL,15胜50负,40胜27负,94:142
276,MIL,ATL,53胜12负,20胜47负,135:127
277,ORL,TOR,30胜35负,46胜18负,97:113
278,CLE,MIA,19胜46负,41胜24负,100:124
279,CHA,BKN,23胜42负,30胜34负,91:101
280,UTA,MIN,41胜23负,19胜45负,103:95
281,DET,CHI,20胜46负,22胜43负,89:109
282,HOU,DEN,40胜24负,43胜22负,95:105
283,BOS,LAC,43胜21负,44胜20负,104:107
284,POR,MIL,29胜37负,53胜12负,129:137
285,NOP,PHX,28胜36负,26胜39负,124:121
286,CHA,WAS,23胜42负,24胜40负,118:125
287,ATL,DET,20胜47负,20胜46负,103:128
288,SAC,BKN,28胜36负,30胜34负,97:116
289,MIA,CHI,41胜24负,22胜43负,116:108
290,SAS,PHI,27胜36负,39胜26负,104:115
291,LAL,OKC,49胜14负,40胜24负,130:127
292,CLE,DAL,19胜46负,40胜27负,101:143
293,BOS,DEN,43胜21负,43胜22负,92:96
294,GSW,UTA,15胜50负,41胜23负,109:113
295,HOU,LAC,40胜24负,44胜20负,119:122
296,PHX,MIN,26胜39负,19胜45负,100:98
297,CHI,CHA,22胜43负,23胜42负,116:115
298,ORL,IND,30胜35负,39胜26负,106:111
299,SAS,NYK,27胜36负,21胜45负,111:104
300,TOR,ATL,46胜18负,20胜47负,119:116
301,MIA,PHI,41胜24负,39胜26负,86:113
302,POR,CLE,29胜37负,19胜46负,104:110
303,LAL,MEM,49胜14负,32胜33负,109:108
304,DET,MIL,20胜46负,53胜12负,90:104
305,NOP,UTA,28胜36负,41胜23负,120:128
306,DAL,HOU,40胜27负,40胜24负,137:123
307,SAC,WAS,28胜36负,24胜40负,113:106
308,BKN,NYK,30胜34负,21胜45负,103:101
309,PHX,DEN,26胜39负,43胜22负,104:116
310,NOP,LAC,28胜36负,44胜20负,109:134
311,BKN,CLE,30胜34负,19胜46负,108:106
312,ORL,DET,30胜35负,20胜46负,88:103
313,MEM,IND,32胜33负,39胜26负,114:126
314,MIN,ATL,19胜45负,20胜47负,125:113
315,PHI,TOR,39胜26负,46胜18负,96:101
316,CHA,MIA,23胜42负,41胜24负,100:117
317,SAC,BOS,28胜36负,43胜21负,102:103
318,POR,CHI,29胜37负,22胜43负,117:94
319,UTA,MIL,41胜23负,53胜12负,118:122
320,LAL,SAS,49胜14负,27胜36负,114:104
321,OKC,GSW,40胜24负,15胜50负,100:97
322,LAC,DAL,44胜20负,40胜27负,114:99
323,WAS,DEN,24胜40负,43胜22负,104:117
324,ORL,CLE,30胜35负,19胜46负,116:104
325,BKN,BOS,30胜34负,43胜21负,110:121
326,UTA,IND,41胜23负,39胜26负,102:121
327,SAC,PHI,28胜36负,39胜26负,91:97
328,DET,CHA,20胜46负,23胜42负,101:102
329,NYK,TOR,21胜45负,46胜18负,98:126
330,MIA,HOU,41胜24负,40胜24负,108:117
331,LAC,MEM,44胜20负,32胜33负,121:119
332,ATL,MIL,20胜47负,53胜12负,102:111
333,MIN,SAS,19胜45负,27胜36负,113:101
334,WAS,PHX,24胜40负,26胜39负,140:132
335,LAL,NOP,49胜14负,28胜36负,114:110
336,OKC,POR,40胜24负,29胜37负,119:136
337,CHI,GSW,22胜43负,15胜50负,90:104
338,BOS,BKN,43胜21负,30胜34负,107:112
339,TOR,ORL,46胜18负,30胜35负,90:83
340,CHA,DET,23胜42负,20胜46负,110:107
341,PHI,NYK,39胜26负,21胜45负,101:95
342,MIL,CLE,53胜12负,19胜46负,119:110
343,GSW,MIA,15胜50负,41胜24负,105:122
344,ATL,IND,20胜47负,39胜26负,104:105
345,NOP,OKC,28胜36负,40胜24负,104:109
346,UTA,MEM,41胜23负,32胜33负,103:94
347,LAC,SAS,44胜20负,27胜36负,97:107
348,DAL,PHX,40胜27负,26胜39负,120:113
349,CHI,POR,22胜43负,29胜37负,103:107
350,WAS,LAL,24胜40负,49胜14负,103:125
351,DEN,SAC,43胜22负,28胜36负,97:100
352,IND,PHI,39胜26负,39胜26负,116:119
353,CHA,MIL,23胜42负,53胜12负,96:137
354,ATL,HOU,20胜47负,40胜24负,111:158
355,MIA,BKN,41胜24负,30胜34负,109:106
356,BOS,NYK,43胜21负,21胜45负,113:104
357,MEM,MIN,32胜33负,19胜45负,115:107
358,DAL,LAL,40胜27负,49胜14负,114:100
359,OKC,NOP,40胜24负,28胜36负,107:104
360,SAS,DET,27胜36负,20胜46负,98:132
361,GSW,ORL,15胜50负,30胜35负,96:100
362,UTA,TOR,41胜23负,46胜18负,110:130
363,WAS,LAC,24胜40负,44胜20负,125:150
364,PHX,CHA,26胜39负,23胜42负,109:104
365,UTA,PHI,41胜23负,39胜26负,94:103
366,GSW,ATL,15胜50负,20胜47负,79:104
367,IND,MEM,39胜26负,32胜33负,117:104
368,NYK,MIL,21胜45负,53胜12负,88:132
369,CHI,SAC,22胜43负,28胜36负,113:106
370,DET,CLE,20胜46负,19胜46负,127:94
371,ORL,WAS,30胜35负,24胜40负,127:120
372,MIA,TOR,41胜24负,46胜18负,121:110
373,DAL,NOP,40胜27负,28胜36负,118:97
374,HOU,SAS,40胜24负,27胜36负,133:135
375,LAL,DEN,49胜14负,43胜22负,105:96
376,POR,LAC,29胜37负,44胜20负,97:117
377,PHX,ORL,26胜39负,30胜35负,114:128
378,GSW,CHA,15胜50负,23胜42负,91:106
379,MIL,DET,53胜12负,20胜46负,127:103
380,MIA,BOS,41胜24负,43胜21负,93:112
381,BKN,ATL,30胜34负,20胜47负,130:118
382,IND,OKC,39胜26负,40胜24负,107:100
383,MEM,CHI,32胜33负,22胜43负,99:106
384,MIN,DAL,19胜45负,40胜27负,114:121
385,LAL,UTA,49胜14负,41胜23负,121:96
386,SAC,POR,28胜36负,29胜37负,116:127
387,PHI,WAS,39胜26负,24胜40负,113:119
388,DEN,NYK,43胜22负,21胜45负,129:92
389,HOU,TOR,40胜24负,46胜18负,119:109
390,PHX,NOP,26胜39负,28胜36负,139:132
391,IND,DET,39胜26负,20胜46负,101:108
392,BKN,CHA,30胜34负,23胜42负,111:104
393,ORL,CLE,30胜35负,19胜46负,93:87
394,MIN,OKC,19胜45负,40胜24负,127:139
395,WAS,MIA,24胜40负,41胜24负,103:112
396,DEN,BOS,43胜22负,43胜21负,95:108
397,GSW,CHI,15胜50负,22胜43负,100:98
398,LAC,MIL,44胜20负,53胜12负,91:119
399,SAC,SAS,28胜36负,27胜36负,104:105
400,LAL,POR,49胜14负,29胜37负,136:113
401,NOP,DAL,28胜36负,40胜27负,84:130
402,CLE,PHI,19胜46负,39胜26负,94:141
403,IND,NYK,39胜26负,21胜45负,104:103
404,PHX,HOU,26胜39负,40胜24负,109:115
405,MEM,UTA,32胜33负,41胜23负,112:126
406,DEN,BKN,43胜22负,30胜34负,102:105
407,ATL,CHA,20胜47负,23胜42负,122:107
408,TOR,PHI,46胜18负,39胜26负,104:110
409,CHI,MIA,22胜43负,41胜24负,105:110
410,LAC,WAS,44胜20负,24胜40负,135:119
411,SAC,DAL,28胜36负,40胜27负,110:106
412,OKC,POR,40胜24负,29胜37负,108:96
413,MIN,LAL,19胜45负,49胜14负,125:142
414,LAC,IND,44胜20负,39胜26负,110:99
415,CLE,BOS,19胜46负,43胜21负,88:110
416,TOR,CHI,46胜18负,22胜43负,93:92
417,DET,NOP,20胜46负,28胜36负,105:103
418,ORL,MIL,30胜35负,53胜12负,101:110
419,SAC,HOU,28胜36负,40胜24负,119:118
420,OKC,UTA,40胜24负,41胜23负,104:90
421,MIN,PHX,19胜45负,26胜39负,109:125
422,MEM,GSW,32胜33负,15胜50负,110:102
423,WAS,CHA,24胜40负,23胜42负,107:114
424,DEN,PHI,43胜22负,39胜26负,92:97
425,ATL,MIA,20胜47负,41胜24负,121:135
426,NYK,POR,21胜45负,29胜37负,87:115
427,LAL,ORL,49胜14负,30胜35负,96:87
428,LAC,TOR,44胜20负,46胜18负,112:92
429,BOS,IND,43胜21负,39胜26负,117:122
430,HOU,CLE,40胜24负,19胜46负,116:110
431,CHA,BKN,23胜42负,30胜34负,113:108
432,ATL,CHI,20胜47负,22胜43负,102:136
433,UTA,MIN,41胜23负,19胜45负,127:116
434,MEM,PHX,32胜33负,26胜39负,115:108
435,NOP,MIL,28胜36负,53胜12负,112:127
436,OKC,SAC,40胜24负,28胜36负,93:94
437,NYK,GSW,21胜45负,15胜50负,124:122
438,PHI,BOS,39胜26负,43胜21负,115:109
439,CLE,SAS,19胜46负,27胜36负,117:109
440,DAL,DET,40胜27负,20胜46负,122:111
441,POR,DEN,29胜37负,43胜22负,99:114
442,NOP,PHI,28胜36负,39胜26负,109:116
443,LAL,MIA,49胜14负,41胜24负,113:110
444,HOU,ORL,40胜24负,30胜35负,130:107
445,IND,ATL,39胜26负,20胜47负,110:100
446,CHA,CHI,23胜42负,22胜43负,83:73
447,MIL,MEM,53胜12负,32胜33负,127:114
448,GSW,UTA,15胜50负,41胜23负,106:114
449,LAC,MIN,44胜20负,19胜45负,124:117
450,NYK,SAC,21胜45负,28胜36负,103:101
451,SAS,PHX,27胜36负,26胜39负,121:119
452,BKN,TOR,30胜34负,46胜18负,102:110
453,WAS,MEM,24胜40负,32胜33负,111:128
454,LAC,CHI,44胜20负,22胜43负,106:109
455,MIA,DAL,41胜24负,40胜27负,122:118
456,CLE,MIL,19胜46负,53胜12负,108:125
457,OKC,DEN,40胜24负,43胜22负,102:110
458,DET,HOU,20胜46负,40胜24负,115:107
459,ORL,NOP,30胜35负,28胜36负,130:119
460,CHA,IND,23胜42负,39胜26负,85:107
461,LAL,ATL,49胜14负,20胜47负,101:96
462,PHI,BKN,39胜26负,30胜34负,89:109
463,NYK,DEN,21胜45负,43胜22负,105:111
464,SAC,GSW,28胜36负,15胜50负,100:79
465,WAS,DET,24胜40负,20胜46负,133:119
466,CLE,TOR,19胜46负,46胜18负,113:133
467,CHI,OKC,22胜43负,40胜24负,106:109
468,MIA,MEM,41胜24负,32胜33负,111:118
469,DAL,MIL,40胜27负,53胜12负,120:116
470,SAS,HOU,27胜36负,40胜24负,107:109
471,POR,PHX,29胜37负,26胜39负,111:110
472,LAL,IND,49胜14负,39胜26负,102:105
473,SAC,CHA,28胜36负,23胜42负,102:110
474,ATL,NYK,20胜47负,21胜45负,120:143
475,BKN,NOP,30胜34负,28胜36负,108:101
476,ORL,UTA,30胜35负,41胜23负,102:109
477,PHX,LAC,26胜39负,44胜20负,99:120
478,CHI,WAS,22胜43负,24胜40负,110:109
479,TOR,DET,46胜18负,20胜46负,112:99
480,CHA,CLE,23胜42负,19胜46负,98:100
481,MIA,PHI,41胜24负,39胜26负,108:104
482,MEM,OKC,32胜33负,40胜24负,122:126
483,NOP,MIN,28胜36负,19胜45负,107:99
484,ORL,DEN,30胜35负,43胜22负,104:113
485,BOS,DAL,43胜21负,40胜27负,109:103
486,GSW,POR,15胜50负,29胜37负,112:122
487,UTA,ATL,41胜23负,20胜47负,111:106
488,LAL,MIL,49胜14负,53胜12负,104:111
489,BKN,SAS,30胜34负,27胜36负,105:118
490,HOU,LAC,40胜24负,44胜20负,122:117
491,SAC,IND,28胜36负,39胜26负,105:119
492,MEM,CLE,32胜33负,19胜46负,107:114
493,DET,BOS,20胜46负,43胜21负,93:114
494,WAS,TOR,24胜40负,46胜18负,118:122
495,DAL,PHI,40胜27负,39胜26负,117:98
496,NYK,MIA,21胜45负,41胜24负,114:129
497,PHX,OKC,26胜39负,40胜24负,108:126
498,MIN,DEN,19胜45负,43胜22负,100:109
499,ORL,POR,30胜35负,29胜37负,103:118
500,NOP,GSW,28胜36负,15胜50负,102:106
501,UTA,CHA,41胜23负,23胜42负,114:107
502,ATL,BKN,20胜47负,30胜34负,112:122
503,WAS,PHI,24胜40负,39胜26负,108:125
504,CHI,DET,22胜43负,20胜46负,119:107
505,MIL,NYK,53胜12负,21胜45负,123:102
506,SAC,MEM,28胜36负,32胜33负,115:119
507,LAC,SAS,44胜20负,27胜36负,134:109
508,HOU,PHX,40胜24负,26胜39负,139:125
509,MIN,POR,19胜45负,29胜37负,106:113
510,DAL,TOR,40胜27负,46胜18负,107:110
511,CHA,BOS,23胜42负,43胜21负,93:119
512,IND,MIL,39胜26负,53胜12负,89:117
513,LAC,OKC,44胜20负,40胜24负,112:118
514,DEN,LAL,43胜22负,49胜14负,128:104
515,TOR,IND,46胜18负,39胜26负,115:120
516,CHI,ORL,22胜43负,30胜35负,95:103
517,PHI,DET,39胜26负,20胜46负,125:109
518,ATL,CLE,20胜47负,19胜46负,118:121
519,WAS,NYK,24胜40负,21胜45负,121:115
520,UTA,MIA,41胜23负,41胜24负,104:107
521,SAS,MEM,27胜36负,32胜33负,145:115
522,DEN,PHX,43胜22负,26胜39负,113:111
523,HOU,SAC,40胜24负,28胜36负,113:104
524,NOP,POR,28胜36负,29胜37负,102:94
525,MIN,GSW,19胜45负,15胜50负,104:113
526,BOS,TOR,43胜21负,46胜18负,118:102
527,MIL,PHI,53胜12负,39胜26负,109:121
528,HOU,GSW,40胜24负,15胜50负,104:116
529,LAC,LAL,44胜20负,49胜14负,111:106
530,NOP,DEN,28胜36负,43胜22负,112:100
531,WAS,DET,24胜40负,20胜46负,102:132
532,NYK,BKN,21胜45负,30胜34负,94:82
533,MEM,OKC,32胜33负,40胜24负,110:97
534,SAS,DAL,27胜36负,40胜27负,98:102
535,MIN,SAC,19胜45负,28胜36负,105:104
536,POR,UTA,29胜37负,41胜23负,115:121
537,CLE,BOS,19胜46负,43胜21负,117:129
538,OKC,CHA,40胜24负,23胜42负,104:102
539,PHI,ORL,39胜26负,30胜35负,97:98
540,MIL,ATL,53胜12负,20胜47负,112:86
541,IND,MIA,39胜26负,41胜24负,112:113
542,PHX,GSW,26胜39负,15胜50负,96:105
543,MEM,DEN,32胜33负,43胜22负,110:119
544,IND,NOP,39胜26负,28胜36负,98:120
545,TOR,BOS,46胜18负,43胜21负,113:97
546,BKN,HOU,30胜34负,40胜24负,98:108
547,NYK,WAS,21胜45负,24胜40负,107:100
548,PHI,MIA,39胜26负,41胜24负,116:117
549,CLE,MIN,19胜46负,19胜45负,94:88
550,ATL,CHI,20胜47负,22胜43负,81:116
551,DET,SAS,20胜46负,27胜36负,109:136
552,ORL,MIL,30胜35负,53胜12负,100:111
553,DAL,GSW,40胜27负,15胜50负,141:121
554,PHX,SAC,26胜39负,28胜36负,112:110
555,LAL,POR,49胜14负,29胜37负,128:120
556,UTA,LAC,41胜23负,44胜20负,120:107
557,OKC,TOR,40胜24负,46胜18负,98:97
558,HOU,NOP,40胜24负,28胜36负,112:127
559,SAC,DEN,28胜36负,43胜22负,115:120
560,CHA,MEM,23胜42负,32胜33负,104:117
561,DAL,LAL,40胜27负,49胜14负,95:108
562,MIA,WAS,41胜24负,24胜40负,105:123
563,ATL,ORL,20胜47负,30胜35负,101:93
564,BKN,MIN,30胜34负,19胜45负,115:122
565,MIL,CHI,53胜12负,22胜43负,123:102
566,DET,UTA,20胜46负,41胜23负,81:104
567,PHX,POR,26胜39负,29胜37负,122:116
568,PHI,IND,39胜26负,39胜26负,97:115
569,BOS,CHA,43胜21负,23胜42负,109:92
570,LAC,SAC,44胜20负,28胜36负,105:87
571,DEN,HOU,43胜22负,40胜24负,104:130
572,CLE,TOR,19胜46负,46胜18负,97:117
573,GSW,SAS,15胜50负,27胜36负,113:117
574,DAL,OKC,40胜27负,40胜24负,101:106
575,ORL,WAS,30胜35负,24胜40负,122:101
576,POR,NYK,29胜37负,21胜45负,93:117
577,MIN,MIL,19胜45负,53胜12负,104:106
578,PHX,LAL,26胜39负,49胜14负,107:117
579,CHA,CLE,23胜42负,19胜46负,109:106
580,DEN,IND,43胜22负,39胜26负,124:116
581,TOR,MIA,46胜18负,41胜24负,76:84
582,UTA,CHI,41胜23负,22胜43负,102:98
583,GSW,MIN,15胜50负,19胜45负,84:99
584,BKN,DAL,30胜34负,40胜27负,111:123
585,OKC,SAS,40胜24负,27胜36负,109:103
586,MEM,SAC,32胜33负,28胜36负,123:128
587,DET,LAC,20胜46负,44胜20负,112:126
588,POR,WAS,29胜37负,24胜40负,122:103
589,MIA,ORL,41胜24负,30胜35负,85:105
590,ATL,BOS,20胜47负,43胜21负,106:109
591,PHI,HOU,39胜26负,40胜24负,108:118
592,NYK,PHX,21胜45负,26胜39负,112:120
593,NOP,LAL,28胜36负,49胜14负,113:123
594,MEM,LAC,32胜33负,44胜20负,140:114
595,TOR,BKN,46胜18负,30胜34负,121:102
596,UTA,ORL,41胜23负,30胜35负,109:96
597,OKC,CLE,40胜24负,19胜46负,121:106
598,IND,ATL,39胜26负,20胜47负,111:116
599,BOS,CHI,43胜21负,22胜43负,111:104
600,DEN,WAS,43胜22负,24胜40负,114:128
601,DET,GSW,20胜46负,15胜50负,111:104
602,CHA,DAL,23胜42负,40胜27负,123:120
603,SAS,MIL,27胜36负,53胜12负,118:127
604,NOP,SAC,28胜36负,28胜36负,117:115
605,NYK,LAC,21胜45负,44胜20负,132:135
606,POR,MIA,29胜37负,41胜24负,111:122
607,MIN,CLE,19胜45负,19胜46负,118:103
608,MEM,PHX,32胜33负,26胜39负,121:114
609,DET,LAL,20胜46负,49胜14负,99:106
610,BKN,ORL,30胜34负,30胜35负,89:101
611,BOS,WAS,43胜21负,24胜40负,94:99
612,IND,CHA,39胜26负,23胜42负,115:104
613,OKC,PHI,40胜24负,39胜26负,113:120
614,DEN,ATL,43胜22负,20胜47负,123:115
615,UTA,NOP,41胜23负,28胜36负,128:126
616,CHI,DAL,22胜43负,40胜27负,110:118
617,MIL,SAS,53胜12负,27胜36负,104:126
618,GSW,SAC,15胜50负,28胜36负,98:111
619,POR,TOR,29胜37负,46胜18负,101:99
620,DET,CLE,20胜46负,19胜46负,115:113
621,OKC,BKN,40胜24负,30胜34负,111:103
622,MIN,MEM,19胜45负,32胜33负,112:119
623,SAC,PHX,28胜36负,26胜39负,114:103
624,NYK,LAL,21胜45负,49胜14负,87:117
625,WAS,ORL,24胜40负,30胜35负,89:123
626,MIA,IND,41胜24负,39胜26负,122:108
627,TOR,CHA,46胜18负,23胜42负,112:110
628,SAS,BOS,27胜36负,43胜21负,129:114
629,DEN,DAL,43胜22负,40胜27负,107:106
630,HOU,ATL,40胜24负,20胜47负,122:115
631,CHI,NOP,22胜43负,28胜36负,108:123
632,NYK,UTA,21胜45负,41胜23负,104:128
633,MIL,GSW,53胜12负,15胜50负,107:98
634,CLE,DET,19胜46负,20胜46负,115:112
635,BOS,PHI,43胜21负,39胜26负,98:109
636,POR,MIN,29胜37负,19胜45负,102:116
637,HOU,OKC,40胜24负,40胜24负,92:113
638,ATL,WAS,20胜47负,24胜40负,101:111
639,NOP,NYK,28胜36负,21胜45负,123:111
640,MIA,BKN,41胜24负,30胜34负,113:117
641,SAS,MEM,27胜36负,32胜33负,121:134
642,IND,CHI,39胜26负,22胜43负,116:105
643,ORL,PHX,30胜35负,26胜39负,94:98
644,CHA,UTA,23胜42负,41胜23负,92:109
645,LAL,DAL,49胜14负,40胜27负,129:114
646,MIL,SAC,53胜12负,28胜36负,127:106
647,GSW,LAC,15胜50负,44胜20负,100:109
648,MIN,HOU,19胜45负,40胜24负,109:139
649,NOP,BOS,28胜36负,43胜21负,105:140
650,CHI,DET,22胜43负,20胜46负,108:99
651,LAL,OKC,49胜14负,40胜24负,125:110
652,PHI,DAL,39胜26负,40胜27负,91:109
653,CLE,DEN,19胜46负,43胜22负,111:103
654,MIL,POR,53胜12负,29胜37负,122:101
655,MIA,NYK,41胜24负,21胜45负,121:124
656,UTA,WAS,41胜23负,24胜40负,127:116
657,GSW,MEM,15胜50负,32胜33负,102:122
658,SAS,TOR,27胜36负,46胜18负,105:104
659,ATL,BKN,20胜47负,30胜34负,86:108
660,CHA,PHX,23胜42负,26胜39负,92:100
661,LAC,DEN,44胜20负,43胜22负,104:114
662,PHI,IND,39胜26负,39胜26负,95:101
663,NOP,DET,28胜36负,20胜46负,117:110
664,CHI,BOS,22胜43负,43胜21负,101:113
665,OKC,MIN,40胜24负,19胜45负,117:104
666,ORL,SAC,30胜35负,28胜36负,114:112
667,CHA,POR,23胜42负,29胜37负,112:115
668,CLE,LAL,19胜46负,49胜14负,99:128
669,UTA,BKN,41胜23负,30胜34负,118:107
670,PHX,ATL,26胜39负,20胜47负,110:123
671,NYK,MIL,21胜45负,53胜12负,102:128
672,HOU,MEM,40胜24负,32胜33负,110:121
673,CLE,LAC,19胜46负,44胜20负,103:128
674,DAL,GSW,40胜27负,15胜50负,124:97
675,DET,BOS,20胜46负,43胜21负,116:103
676,BKN,PHI,30胜34负,39胜26负,106:117
677,SAS,MIA,27胜36负,41胜24负,100:106
678,WAS,CHI,24胜40负,22胜43负,106:115
679,IND,MIN,39胜26负,19胜45负,104:99
680,TOR,OKC,46胜18负,40胜24负,130:121
681,CHA,DEN,23胜42负,43胜22负,86:100
682,POR,HOU,29胜37负,40胜24负,117:107
683,DAL,SAC,40胜27负,28胜36负,127:123
684,ORL,LAL,30胜35负,49胜14负,119:118
685,PHX,NYK,26胜39负,21胜45负,121:98
686,UTA,NOP,41胜23负,28胜36负,132:138
687,BOS,MIL,43胜21负,53胜12负,123:128
688,ORL,LAC,30胜35负,44胜20负,95:122
689,DEN,GSW,43胜22负,15胜50负,134:131
690,CHI,PHI,22胜43负,39胜26负,89:100
691,WAS,TOR,24胜40负,46胜18负,111:140
692,MIN,IND,19胜45负,39胜26负,114:116
693,CLE,MEM,19胜46负,32胜33负,109:113
694,MIA,OKC,41胜24负,40胜24负,115:108
695,ATL,SAS,20胜47负,27胜36负,121:120
696,POR,DAL,29胜37负,40胜27负,112:120
697,LAC,NOP,44胜20负,28胜36负,133:130
698,MIL,BKN,53胜12负,30胜34负,117:97
699,PHX,BOS,26胜39负,43胜21负,123:119
700,DET,ATL,20胜46负,20胜47负,136:103
701,PHI,NYK,39胜26负,21胜45负,90:87
702,CLE,CHI,19胜46负,22胜43负,116:118
703,TOR,MIN,46胜18负,19胜45负,122:112
704,ORL,GSW,30胜35负,15胜50负,95:109
705,LAL,HOU,49胜14负,40胜24负,124:115
706,POR,OKC,29胜37负,40胜24负,106:119
707,SAC,UTA,28胜36负,41胜23负,101:123
708,MIA,SAS,41胜24负,27胜36负,102:107
709,IND,DEN,39胜26负,43胜22负,115:107
710,DET,WAS,20胜46负,24胜40负,100:106
711,TOR,ATL,46胜18负,20胜47负,122:117
712,PHI,BKN,39胜26负,30胜34负,117:111
713,ORL,CHA,30胜35负,23胜42负,106:83
714,NOP,MEM,28胜36负,32胜33负,126:116
715,NYK,CLE,21胜45负,19胜46负,106:86
716,CHI,MIL,22胜43负,53胜12负,98:111
717,SAC,MIA,28胜36负,41胜24负,113:118
718,OKC,HOU,40胜24负,40胜24负,112:107
719,LAL,BOS,49胜14负,43胜21负,107:139
720,DEN,MIN,43胜22负,19胜45负,107:100
721,SAS,PHX,27胜36负,26胜39负,120:118
722,IND,UTA,39胜26负,41胜23负,88:118
723,GSW,POR,15胜50负,29胜37负,124:129
724,LAC,DAL,44胜20负,40胜27负,110:107
725,SAC,DET,28胜36负,20胜46负,106:127
726,OKC,ORL,40胜24负,30胜35负,120:114
727,PHI,TOR,39胜26负,46胜18负,95:107
728,MEM,BOS,32胜33负,43胜21负,95:119
729,LAL,NYK,49胜14负,21胜45负,100:92
730,WAS,MIA,24胜40负,41胜24负,129:134
731,LAC,ATL,44胜20负,20胜47负,95:102
732,MIN,CHI,19胜45负,22胜43负,110:117
733,DEN,HOU,43胜22负,40胜24负,105:121
734,IND,PHX,39胜26负,26胜39负,112:87
735,SAS,NOP,27胜36负,28胜36负,121:117
736,UTA,GSW,41胜23负,15胜50负,129:96
737,WAS,CLE,24胜40负,19胜46负,124:112
738,LAL,BKN,49胜14负,30胜34负,128:113
739,DAL,POR,40胜27负,29胜37负,133:125
740,MIL,CHA,53胜12负,23胜42负,116:103
741,MEM,DET,32胜33负,20胜46负,125:112
742,BOS,ORL,43胜21负,30胜35负,109:98
743,TOR,NYK,46胜18负,21胜45负,118:112
744,LAC,MIA,44胜20负,41胜24负,122:117
745,SAC,CHI,28胜36负,22胜43负,98:81
746,DEN,NOP,43胜22负,28胜36负,113:106
747,ATL,OKC,20胜47负,40胜24负,111:140
748,HOU,MIN,40胜24负,19胜45负,131:124
749,PHX,SAS,26胜39负,27胜36负,103:99
750,IND,GSW,39胜26负,15胜50负,129:118
751,DAL,UTA,40胜27负,41胜23负,107:112
752,BKN,DET,30胜34负,20胜46负,121:111
753,OKC,MIN,40胜24负,19胜45负,113:104
754,CHI,CLE,22胜43负,19胜46负,118:106
755,LAL,PHI,49胜14负,39胜26负,91:108
756,HOU,DEN,40胜24负,43胜22负,110:117
757,TOR,SAS,46胜18负,27胜36负,110:106
758,BKN,NYK,30胜34负,21胜45负,97:110
759,PHX,MEM,26胜39负,32胜33负,109:114
760,BOS,NOP,43胜21负,28胜36负,108:123
761,WAS,ATL,24胜40负,20胜47负,133:152
762,LAC,ORL,44胜20负,30胜35负,112:97
763,IND,POR,39胜26负,29胜37负,129:139
764,CLE,DET,19胜46负,20胜46负,115:100
765,ORL,MIA,30胜35负,41胜24负,92:113
766,DAL,OKC,40胜27负,40胜24负,107:97
767,SAC,MIN,28胜36负,19胜45负,133:129
768,SAS,CHI,27胜36负,22胜43负,109:110
769,HOU,UTA,40胜24负,41胜23负,126:117
770,NYK,CHA,21胜45负,23胜42负,92:97
771,GSW,PHI,15胜50负,39胜26负,104:115
772,ATL,TOR,20胜47负,46胜18负,114:130
773,NOP,CLE,28胜36负,19胜46负,125:111
774,BOS,MIA,43胜21负,41胜24负,109:101
775,WAS,MIL,24胜40负,53胜12负,131:151
776,DEN,MEM,43胜22负,32胜33负,96:104
777,PHX,DAL,26胜39负,40胜27负,133:104
778,LAC,LAL,44胜20负,49胜14负, : 
779,CHI,IND,22胜43负,39胜26负,106:115
780,DET,BKN,20胜46负,30胜34负,115:125
781,MEM,NYK,32胜33负,21胜45负,127:106
782,UTA,SAS,41胜23负,27胜36负,120:127
783,OKC,SAC,40胜24负,28胜36负,120:100
784,HOU,POR,40胜24负,29胜37负,112:125
785,CHA,WAS,23胜42负,24胜40负,107:121
786,TOR,CLE,46胜18负,19胜46负,115:109
787,PHI,ATL,39胜26负,20胜47负,117:127
788,GSW,BOS,15胜50负,43胜21负,104:119
789,UTA,DEN,41胜23负,43胜22负,100:106
790,SAC,LAC,28胜36负,44胜20负,124:103
791,TOR,DET,46胜18负,20胜46负,105:92
792,CHI,BKN,22胜43负,30胜34负,118:133
793,DAL,HOU,40胜27负,40胜24负,121:128
794,MEM,NOP,32胜33负,28胜36负,111:139
795,OKC,PHX,40胜24负,26胜39负,111:107
796,DEN,MIL,43胜22负,53胜12负,127:115
797,POR,LAL,29胜37负,49胜14负,127:119
798,MIN,LAC,19胜45负,44胜20负,106:118
799,NYK,IND,21胜45负,39胜26负,92:85
800,MIA,ORL,41胜24负,30胜35负,102:89
801,BKN,WAS,30胜34负,24胜40负,107:113
802,GSW,CLE,15胜50负,19胜46负,131:112
803,ATL,DAL,20胜47负,40胜27负,100:123
804,PHI,BOS,39胜26负,43胜21负,95:116
805,CHA,SAS,23胜42负,27胜36负,90:114
806,LAL,SAC,49胜14负,28胜36负,129:113
807,UTA,POR,41胜23负,29胜37负,107:124
808,DEN,DET,43胜22负,20胜46负,123:128
809,NOP,HOU,28胜36负,40胜24负,109:117
810,PHX,MIL,26胜39负,53胜12负,108:129
811,CHI,TOR,22胜43负,46胜18负,102:129
812,DAL,IND,40胜27负,39胜26负,112:103
813,ORL,CHA,30胜35负,23胜42负,112:100
814,NYK,CLE,21胜45负,19胜46负,139:134
815,GSW,WAS,15胜50负,24胜40负,125:117
816,BOS,ATL,43胜21负,20胜47负,123:115
817,PHX,BKN,26胜39负,30胜34负,97:119
818,PHI,MIA,39胜26负,41胜24负,106:137
819,DET,MEM,20胜46负,32胜33负,82:96
820,MIN,SAC,19胜45负,28胜36负,109:113
821,SAS,LAC,27胜36负,44胜20负,105:108
822,MIL,NOP,53胜12负,28胜36负,120:108
823,CHA,HOU,23胜42负,40胜24负,110:125
824,POR,DEN,29胜37负,43胜22负,99:127
825,SAS,LAL,27胜36负,49胜14负,102:129
826,PHX,DET,26胜39负,20胜46负,108:116
827,ORL,BOS,30胜35负,43胜21负,100:116
828,IND,TOR,39胜26负,46胜18负,118:119
829,GSW,BKN,15胜50负,30胜34负,88:129
830,CLE,OKC,19胜46负,40胜24负,103:109
831,ATL,MIN,20胜47负,19胜45负,127:120
832,MEM,DAL,32胜33负,40胜27负,121:107
833,DEN,UTA,43胜22负,41胜23负,98:95
834,MIA,LAC,41胜24负,44胜20负,111:128
835,ORL,NYK,30胜35负,21胜45负,103:105
836,NOP,CHI,28胜36负,22胜43负,125:119
837,PHI,MIL,39胜26负,53胜12负,101:112
838,SAS,POR,27胜36负,29胜37负,117:125
839,HOU,LAL,40胜24负,49胜14负,121:111
840,DAL,WAS,40胜27负,24胜40负,118:119
841,MEM,PHI,32胜33负,39胜26负,107:119
842,ATL,BOS,20胜47负,43胜21负,107:112
843,DET,OKC,20胜46负,40胜24负,101:108
844,TOR,IND,46胜18负,39胜26负,115:106
845,HOU,PHX,40胜24负,26胜39负,91:127
846,MIA,SAC,41胜24负,28胜36负,97:105
847,POR,UTA,29胜37负,41胜23负,114:117
848,MIL,ORL,53胜12负,30胜35负,111:95
849,NYK,DET,21胜45负,20胜46负,95:92
850,DAL,CHA,40胜27负,23胜42负,116:100
851,NOP,IND,28胜36负,39胜26负,124:117
852,BKN,TOR,30胜34负,46胜18负,118:119
853,LAC,MIN,44胜20负,19胜45负,115:142
854,LAL,GSW,49胜14负,15胜50负,125:120
855,DEN,PHX,43胜22负,26胜39负,117:108
856,SAS,SAC,27胜36负,28胜36负,102:122
857,BOS,OKC,43胜21负,40胜24负,112:111
858,MEM,WAS,32胜33负,24胜40负,106:99
859,NYK,ATL,21胜45负,20胜47负,135:140
860,CHI,PHI,22胜43负,39胜26负,111:118
861,UTA,HOU,41胜23负,40胜24负,114:113
862,LAC,CLE,44胜20负,19胜46负,133:92
863,MIA,POR,41胜24负,29胜37负,109:115
864,CHA,DET,23胜42负,20胜46负,87:76
865,BKN,IND,30胜34负,39胜26负,106:105
866,ATL,ORL,20胜47负,30胜35负,126:135
867,MIN,TOR,19胜45负,46胜18负,126:137
868,SAC,MIL,28胜36负,53胜12负,111:123
869,UTA,DAL,41胜23负,40胜27负,123:119
870,SAS,DEN,27胜36负,43胜22负,120:127
871,PHX,LAL,26胜39负,49胜14负,100:125
872,MIA,GSW,41胜24负,15胜50负,113:101
873,LAC,PHI,44胜20负,39胜26负,103:110
874,CHI,WAS,22胜43负,24胜40负,114:126
875,SAS,OKC,27胜36负,40胜24负,114:106
876,POR,NOP,29胜37负,28胜36负,117:138
877,BOS,HOU,43胜21负,40胜24负,105:116
878,DET,ORL,20胜46负,30胜35负,112:116
879,ATL,CLE,20胜47负,19胜46负,105:127
880,TOR,BKN,46胜18负,30胜34负,91:101
881,MIL,IND,53胜12负,39胜26负,111:118
882,WAS,NYK,24胜40负,21胜45负,114:96
883,POR,MEM,29胜37负,32胜33负,104:111
884,CHA,MIN,23胜42负,19胜45负,115:108
885,SAC,DAL,28胜36负,40胜27负,111:130
886,MIA,UTA,41胜24负,41胜23负,101:116
887,GSW,PHX,15胜50负,26胜39负,106:112
888,LAL,DEN,49胜14负,43胜22负,120:116
889,LAC,BOS,44胜20负,43胜21负,133:141
890,OKC,NOP,40胜24负,28胜36负,123:118
893,MIL,DET,53胜12负,20胜46负,126:106
894,MIA,ATL,41胜24负,20胜47负,124:129
895,CHA,CHI,23胜42负,22胜43负,103:93
896,BKN,PHI,30胜34负,39胜26负,104:112
897,MEM,SAC,32胜33负,28胜36负,125:129
898,HOU,GSW,40胜24负,15胜50负,135:105
899,DAL,ORL,40胜27负,30胜35负,122:106
900,CLE,WAS,19胜46负,24胜40负,113:108
901,IND,NYK,39胜26负,21胜45负,106:98
902,PHX,TOR,26胜39负,46胜18负,101:118
903,DEN,OKC,43胜22负,40胜24负,101:113
904,BOS,MIN,43胜21负,19胜45负,127:117
905,SAS,UTA,27胜36负,41胜23负,113:104
906,NOP,POR,28胜36负,29胜37负,128:115
907,MEM,LAL,32胜33负,49胜14负,105:117
908,SAC,LAC,28胜36负,44胜20负,112:103
909,BKN,CHA,30胜34负,23胜42负,115:86
910,DAL,ATL,40胜27负,20胜47负,107:111
911,PHX,CHI,26胜39负,22胜43负,112:104
912,CLE,MIA,19胜46负,41胜24负,105:124
913,PHI,MIL,39胜26负,53胜12负,98:119
914,HOU,UTA,40胜24负,41胜23负,120:110
915,BOS,LAL,43胜21负,49胜14负,112:114
916,MIN,DEN,19胜45负,43胜22负,116:128
917,IND,TOR,39胜26负,46胜18负,81:127
918,SAS,OKC,27胜36负,40胜24负,103:131
919,WAS,CHI,24胜40负,22胜43负,117:126
920,NOP,GSW,28胜36负,15胜50负,115:101
921,DET,POR,20胜46负,29胜37负,104:107
922,MIA,CLE,41胜24负,19胜46负,119:125
923,MIL,WAS,53胜12负,24胜40负,137:134
924,ATL,PHI,20胜47负,39胜26负,112:129
925,ORL,BKN,30胜35负,30胜34负,115:113
926,NYK,HOU,21胜45负,40胜24负,112:123
927,MIN,DAL,19胜45负,40胜27负,123:139
928,PHX,UTA,26胜39负,41胜23负,131:111
929,MEM,LAC,32胜33负,44胜20负,97:124
930,CHA,IND,23胜42负,39胜26负,80:119
931,MIL,TOR,53胜12负,46胜18负,108:97
932,OKC,CHI,40胜24负,22胜43负,124:122
933,DET,DEN,20胜46负,43胜22负,98:115
934,NOP,LAL,28胜36负,49胜14负,109:118
935,BOS,POR,43胜21负,29胜37负,118:106
936,SAC,GSW,28胜36负,15胜50负,112:94
937,BKN,WAS,30胜34负,24胜40负,106:110
938,PHI,CLE,39胜26负,19胜46负,94:108
939,NYK,CHA,21胜45负,23胜42负,101:107
940,MIN,MIA,19胜45负,41胜24负,129:126
941,ORL,ATL,30胜35负,20胜47负,130:120
942,MEM,HOU,32胜33负,40胜24负,112:140
943,DAL,SAS,40胜27负,27胜36负,109:103
944,LAC,PHX,44胜20负,26胜39负,102:92
945,BOS,UTA,43胜21负,41胜23负,114:103
946,NYK,PHI,21胜45负,39胜26负,106:115
947,SAC,OKC,28胜36负,40胜24负,108:112
948,POR,IND,29胜37负,39胜26负,100:106
949,LAL,GSW,49胜14负,15胜50负,116:86
950,MIN,ORL,19胜45负,30胜35负,125:136
951,BKN,ATL,30胜34负,20胜47负,118:141
952,CHA,TOR,23胜42负,46胜18负,99:96
953,DAL,MIA,40胜27负,41胜24负,118:126
954,SAC,MEM,28胜36负,32胜33负,104:101
955,CLE,NOP,19胜46负,28胜36负,104:116
956,OKC,MIL,40胜24负,53胜12负,86:133
957,WAS,UTA,24胜40负,41胜23负,119:129
958,DET,PHX,20胜46负,26胜39负,113:111
959,DEN,LAC,43胜22负,44胜20负,103:132
960,CHI,NYK,22胜43负,21胜45负,115:125
961,BKN,MIA,30胜34负,41胜24负,113:116
962,POR,ATL,29胜37负,20胜47负,117:129
963,LAL,MEM,49胜14负,32胜33负,88:105
964,IND,CLE,39胜26负,19胜46负,113:104
965,ORL,SAS,30胜35负,27胜36负,113:114
966,HOU,BOS,40胜24负,43胜21负,111:110
967,GSW,PHX,15胜50负,26胜39负,115:99
968,MIL,CHA,53胜12负,23胜42负,93:85
969,PHI,LAC,39胜26负,44胜20负,130:136
970,DAL,MIN,40胜27负,19胜45负,111:91
971,TOR,DEN,46胜18负,43胜22负,118:133
972,DET,SAC,20胜46负,28胜36负,100:106
973,LAL,NOP,49胜14负,28胜36负,122:114
974,WAS,GSW,24胜40负,15胜50负,124:110
975,POR,ORL,29胜37负,30胜35负,130:107
976,UTA,CLE,41胜23负,19胜46负,126:113
977,HOU,NYK,40胜24负,21胜45负,123:125
978,MIL,MIA,53胜12负,41胜24负,89:105
979,MEM,ATL,32胜33负,20胜47负,127:88
980,DAL,CHI,40胜27负,22胜43负,107:109
981,IND,SAS,39胜26负,27胜36负,116:111
982,SAS,CHA,27胜36负,23胜42负,104:103
983,BKN,BOS,30胜34负,43胜21负,129:120
984,LAC,OKC,44胜20负,40胜24负,109:94
985,MIN,NOP,19胜45负,28胜36负,139:134
986,GSW,DEN,15胜50负,43胜22负,116:100
987,TOR,PHX,46胜18负,26胜39负,123:114
988,WAS,SAC,24胜40负,28胜36负,126:133
989,PHI,LAL,39胜26负,49胜14负,107:120
990,BOS,CLE,43胜21负,19胜46负,112:106
991,OKC,DET,40胜24负,20胜46负,114:107
992,IND,MIL,39胜26负,53胜12负,100:119
993,ORL,MIA,30胜35负,41胜24负,113:116
994,UTA,NYK,41胜23负,21胜45负,112:104
995,MEM,BKN,32胜33负,30胜34负,118:79
996,CHI,MIN,22胜43负,19胜45负,108:115
997,NOP,DAL,28胜36负,40胜27负,123:127
998,WAS,POR,24胜40负,29胜37负,104:125
999,DEN,CHA,43胜22负,23胜42负,114:112
1000,LAC,HOU,44胜20负,40胜24负,120:105
1001,PHI,SAC,39胜26负,28胜36负,125:108
1002,TOR,GSW,46胜18负,15胜50负,121:113
1003,ATL,WAS,20胜47负,24胜40负,112:118
1004,SAS,BKN,27胜36负,30胜34负,120:139
1005,OKC,NYK,40胜24负,21胜45负,126:103
1006,ORL,MIN,30胜35负,19胜45负,132:118
1007,IND,CHI,39胜26负,22胜43负,108:102
1008,MIA,NOP,41胜24负,28胜36负,104:110
1009,UTA,BOS,41胜23负,43胜21负,99:94
1010,MEM,DAL,32胜33负,40胜27负,96:121
1011,POR,PHX,29胜37负,26胜39负,117:127
1012,MIL,LAL,53胜12负,49胜14负,103:113
1013,HOU,CHA,40胜24负,23胜42负,99:108
1014,UTA,DET,41胜23负,20胜46负,111:105
1015,DEN,CLE,43胜22负,19胜46负,102:104
1016,ATL,MEM,20胜47负,32胜33负,101:118
1017,PHI,GSW,39胜26负,15胜50负,114:118
1018,SAC,POR,28胜36负,29胜37负,123:111
1019,CHI,BKN,22胜43负,30胜34负,107:110
1020,LAL,LAC,49胜14负,44胜20负,112:103
1021,NOP,MIN,28胜36负,19胜45负,120:107
1022,OKC,BOS,40胜24负,43胜21负,105:104
1023,MIL,PHX,53胜12负,26胜39负,131:140
1024,IND,DAL,39胜26负,40胜27负,112:109
1025,MIA,WAS,41胜24负,24胜40负,100:89
1026,ORL,HOU,30胜35负,40胜24负,126:106
1027,DET,NYK,20胜46负,21胜45负,84:96
1028,SAS,CLE,27胜36负,19胜46负,129:132
1029,TOR,SAC,46胜18负,28胜36负,118:113
1030,CHA,ATL,23胜42负,20胜47负,138:143
1031,MIL,DEN,53胜12负,43胜22负,95:109
1032,TOR,UTA,46胜18负,41胜23负,101:92
1033,NYK,WAS,21胜45负,24胜40负,115:122
1034,BOS,IND,43胜21负,39胜26负,114:111
1035,CLE,CHI,19胜46负,22胜43负,103:108
1036,ORL,MEM,30胜35负,32胜33负,120:115
1037,DAL,SAS,40胜27负,27胜36负,109:119
1038,MIN,HOU,19胜45负,40胜24负,111:117
1039,PHX,POR,26胜39负,29胜37负,105:121
1040,BKN,LAL,30胜34负,49胜14负,104:102
1041,LAC,GSW,44胜20负,15胜50负,131:107
1042,DET,PHI,20胜46负,39胜26负,106:124
1043,CHA,MIA,23胜42负,41胜24负,109:98
1044,NYK,ATL,21胜45负,20胜47负,136:131
1045,UTA,OKC,41胜23负,40胜24负, : 
1046,DEN,DAL,43胜22负,40胜27负,97:113
1047,NOP,SAC,28胜36负,28胜36负, : 
1048,CHI,ORL,22胜43负,30胜35负, : 
1049,BOS,MIL,43胜21负,53胜12负, : 
1050,MEM,POR,32胜33负,29胜37负, : 
1051,BKN,GSW,30胜34负,15胜50负, : 
1052,HOU,LAL,40胜24负,49胜14负, : 
1053,CLE,CHA,19胜46负,23胜42负, : 
1054,WAS,BOS,24胜40负,43胜21负, : 
1055,NYK,MIA,21胜45负,41胜24负, : 
1056,MIN,OKC,19胜45负,40胜24负, : 
1057,DEN,SAS,43胜22负,27胜36负, : 
1058,NOP,UTA,28胜36负,41胜23负, : 
1059,BKN,LAC,30胜34负,44胜20负, : 
1060,PHX,DAL,26胜39负,40胜27负, : 
1061,CLE,ATL,19胜46负,20胜47负, : 
1062,DET,TOR,20胜46负,46胜18负, : 
1063,IND,PHI,39胜26负,39胜26负, : 
1064,CHI,MIA,22胜43负,41胜24负, : 
1065,GSW,MIL,15胜50负,53胜12负, : 
1066,MIN,SAS,19胜45负,27胜36负, : 
1067,MEM,UTA,32胜33负,41胜23负, : 
1068,NOP,LAC,28胜36负,44胜20负, : 
1069,HOU,POR,40胜24负,29胜37负, : 
1070,CHA,ORL,23胜42负,30胜35负, : 
1071,OKC,WAS,40胜24负,24胜40负, : 
1072,BOS,CHI,43胜21负,22胜43负, : 
1073,DEN,LAL,43胜22负,49胜14负, : 
1074,BKN,SAC,30胜34负,28胜36负, : 
1075,WAS,PHI,24胜40负,39胜26负, : 
1076,GSW,TOR,15胜50负,46胜18负, : 
1077,MIA,MIL,41胜24负,53胜12负, : 
1078,ATL,NOP,20胜47负,28胜36负, : 
1079,MEM,SAS,32胜33负,27胜36负, : 
1080,LAL,UTA,49胜14负,41胜23负, : 
1081,DAL,LAC,40胜27负,44胜20负, : 
1082,ORL,DET,30胜35负,20胜46负, : 
1083,CHA,NYK,23胜42负,21胜45负, : 
1084,OKC,MEM,40胜24负,32胜33负, : 
1085,CLE,HOU,19胜46负,40胜24负, : 
1086,MIN,POR,19胜45负,29胜37负, : 
1087,DAL,SAC,40胜27负,28胜36负, : 
1088,TOR,PHI,46胜18负,39胜26负, : 
1089,GSW,IND,15胜50负,39胜26负, : 
1090,OKC,ATL,40胜24负,20胜47负, : 
1091,NYK,BOS,21胜45负,43胜21负, : 
1092,WAS,BKN,24胜40负,30胜34负, : 
1093,MIA,CHI,41胜24负,22胜43负, : 
1094,SAS,NOP,27胜36负,28胜36负, : 
1095,LAC,DEN,44胜20负,43胜22负, : 
1096,MIN,PHX,19胜45负,26胜39负, : 
1097,UTA,LAL,41胜23负,49胜14负, : 
1098,CLE,ORL,19胜46负,30胜35负, : 
1099,PHI,CHA,39胜26负,23胜42负, : 
1100,MEM,MIL,32胜33负,53胜12负, : 
1101,SAC,HOU,28胜36负,40胜24负, : 
1102,DAL,POR,40胜27负,29胜37负, : 
1103,MIA,IND,41胜24负,39胜26负, : 
1104,GSW,DET,15胜50负,20胜46负, : 
1105,BOS,TOR,43胜21负,46胜18负, : 
1106,WAS,ATL,24胜40负,20胜47负, : 
1107,DEN,OKC,43胜22负,40胜24负, : 
1108,CHI,SAS,22胜43负,27胜36负, : 
1109,MIN,UTA,19胜45负,41胜23负, : 
1110,PHX,LAC,26胜39负,44胜20负, : 
1111,BOS,BKN,43胜21负,30胜34负, : 
1112,SAC,ORL,28胜36负,30胜35负, : 
1113,ATL,PHI,20胜47负,39胜26负, : 
1114,LAL,CHA,49胜14负,23胜42负, : 
1115,CLE,IND,19胜46负,39胜26负, : 
1116,GSW,NYK,15胜50负,21胜45负, : 
1117,CHI,HOU,22胜43负,40胜24负, : 
1118,NOP,MEM,28胜36负,32胜33负, : 
1119,MIL,WAS,53胜12负,24胜40负, : 
1120,DAL,PHX,40胜27负,26胜39负, : 
1121,DEN,TOR,43胜22负,46胜18负, : 
1122,LAL,DET,49胜14负,20胜46负, : 
1123,POR,MIN,29胜37负,19胜45负, : 
1124,SAC,NOP,28胜36负,28胜36负, : 
1125,UTA,SAS,41胜23负,27胜36负, : 
1126,PHX,IND,26胜39负,39胜26负, : 
1127,LAC,NYK,44胜20负,21胜45负, : 
1128,BOS,WAS,43胜21负,24胜40负, : 
1129,ORL,BKN,30胜35负,30胜34负, : 
1130,OKC,MIA,40胜24负,41胜24负, : 
1131,DET,MIL,20胜46负,53胜12负, : 
1132,DEN,CHI,43胜22负,22胜43负, : 
1133,HOU,DAL,40胜24负,40胜27负, : 
1134,SAC,CLE,28胜36负,19胜46负, : 
1135,POR,CHA,29胜37负,23胜42负, : 
1136,LAL,TOR,49胜14负,46胜18负, : 
1137,MEM,NOP,32胜33负,28胜36负, : 
1138,PHI,MIN,39胜26负,19胜45负, : 
1139,SAS,UTA,27胜36负,41胜23负, : 
1140,PHX,WAS,26胜39负,24胜40负, : 
1141,IND,ORL,39胜26负,30胜35负, : 
1142,LAC,BKN,44胜20负,30胜34负, : 
1143,POR,DET,29胜37负,20胜46负, : 
1144,DEN,MIA,43胜22负,41胜24负, : 
1145,TOR,NYK,46胜18负,21胜45负, : 
1146,BOS,MEM,43胜21负,32胜33负, : 
1147,HOU,MIL,40胜24负,53胜12负, : 
1148,ATL,GSW,20胜47负,15胜50负, : 
1149,LAL,CLE,49胜14负,19胜46负, : 
1150,PHI,CHI,39胜26负,22胜43负, : 
1151,SAS,MIN,27胜36负,19胜45负, : 
1152,CHA,OKC,23胜42负,40胜24负, : 
1153,UTA,DAL,41胜23负,40胜27负, : 
1154,ATL,SAC,20胜47负,28胜36负, : 
1155,HOU,IND,40胜24负,39胜26负, : 
1156,LAC,DET,44胜20负,20胜46负, : 
1157,BKN,ORL,30胜34负,30胜35负, : 
1158,PHX,PHI,26胜39负,39胜26负, : 
1159,POR,BOS,29胜37负,43胜21负, : 
1160,NYK,NOP,21胜45负,28胜36负, : 
1161,WAS,MIL,24胜40负,53胜12负, : 
1162,SAS,DEN,27胜36负,43胜22负, : 
1163,CLE,BKN,19胜46负,30胜34负, : 
1164,LAC,CHA,44胜20负,23胜42负, : 
1165,LAL,WAS,49胜14负,24胜40负, : 
1166,NYK,CHI,21胜45负,22胜43负, : 
1167,PHX,MIA,26胜39负,41胜24负, : 
1168,TOR,MEM,46胜18负,32胜33负, : 
1169,OKC,GSW,40胜24负,15胜50负, : 
1170,ATL,UTA,20胜47负,41胜23负, : 
1171,MIL,DAL,53胜12负,40胜27负, : 
1172,HOU,DET,40胜24负,20胜46负, : 
1173,MIN,BOS,19胜45负,43胜21负, : 
1174,NOP,ORL,28胜36负,30胜35负, : 
1175,POR,PHI,29胜37负,39胜26负, : 
1176,SAS,GSW,27胜36负,15胜50负, : 
1177,IND,SAC,39胜26负,28胜36负, : 
1178,PHX,CLE,26胜39负,19胜46负, : 
1179,MIA,CHA,41胜24负,23胜42负, : 
1180,MEM,TOR,32胜33负,46胜18负, : 
1181,POR,BKN,29胜37负,30胜34负, : 
1182,LAL,MIN,49胜14负,19胜45负, : 
1183,CHI,UTA,22胜43负,41胜23负, : 
1184,OKC,DEN,40胜24负,43胜22负, : 
1185,IND,LAC,39胜26负,44胜20负, : 
1186,NOP,ATL,28胜36负,20胜47负, : 
1187,HOU,PHI,40胜24负,39胜26负, : 
1188,SAS,SAC,27胜36负,28胜36负, : 
1189,DEN,GSW,43胜22负,15胜50负, : 
1190,NOP,WAS,28胜36负,24胜40负, : 
1191,CHA,ORL,23胜42负,30胜35负, : 
1192,MIA,BOS,41胜24负,43胜21负, : 
1193,DET,BKN,20胜46负,30胜34负, : 
1194,NYK,MEM,21胜45负,32胜33负, : 
1195,PHX,OKC,26胜39负,40胜24负, : 
1196,DAL,MIN,40胜27负,19胜45负, : 
1197,CLE,UTA,19胜46负,41胜23负, : 
1198,TOR,MIL,46胜18负,53胜12负, : 
1199,IND,LAL,39胜26负,49胜14负, : 
1200,GSW,HOU,15胜50负,40胜24负, : 
1201,LAC,SAC,44胜20负,28胜36负, : 
1202,UTA,POR,41胜23负,29胜37负, : 
1203,MIA,DET,41胜24负,20胜46负, : 
1204,PHI,WAS,39胜26负,24胜40负, : 
1205,BKN,IND,30胜34负,39胜26负, : 
1206,MIL,TOR,53胜12负,46胜18负, : 
1207,CHA,ATL,23胜42负,20胜47负, : 
1208,ORL,BOS,30胜35负,43胜21负, : 
1209,MIN,NYK,19胜45负,21胜45负, : 
1210,DAL,MEM,40胜27负,32胜33负, : 
1211,GSW,SAS,15胜50负,27胜36负, : 
1212,CHI,DEN,22胜43负,43胜22负, : 
1213,CLE,PHX,19胜46负,26胜39负, : 
1214,OKC,LAC,40胜24负,44胜20负, : 
1215,LAL,SAC,49胜14负,28胜36负, : 
1216,ORL,PHI,30胜35负,39胜26负, : 
1217,ATL,CHA,20胜47负,23胜42负, : 
1218,MIL,BOS,53胜12负,43胜21负, : 
1219,WAS,IND,24胜40负,39胜26负, : 
1220,MIA,NYK,41胜24负,21胜45负, : 
1221,CHI,PHX,22胜43负,26胜39负, : 
1222,DAL,BKN,40胜27负,30胜34负, : 
1223,UTA,DEN,41胜23负,43胜22负, : 
1224,NOP,SAS,28胜36负,27胜36负, : 
1225,DET,MIN,20胜46负,19胜45负, : 
1226,TOR,HOU,46胜18负,40胜24负, : 
1227,MEM,POR,32胜33负,29胜37负, : 
1228,CLE,SAC,19胜46负,28胜36负, : 
1229,OKC,LAL,40胜24负,49胜14负, : 
1230,CHI,LAC,22胜43负,44胜20负, : 
1231,TOR,WAS,46胜18负,24胜40负, : 
1232,MIL,PHI,53胜12负,39胜26负, : 
1233,IND,MIA,39胜26负,41胜24负, : 
1234,DET,ATL,20胜46负,20胜47负, : 
1235,PHX,MIN,26胜39负,19胜45负, : 
1236,CHA,NOP,23胜42负,28胜36负, : 
1237,BKN,OKC,30胜34负,40胜24负, : 
1238,SAC,SAS,28胜36负,27胜36负, : 
1239,HOU,DAL,40胜24负,40胜27负, : 
1240,MEM,DEN,32胜33负,43胜22负, : 
1241,LAC,UTA,44胜20负,41胜23负, : 
1242,CLE,POR,19胜46负,29胜37负, : 
1243,GSW,LAL,15胜50负,49胜14负, : 
1244,IND,BOS,39胜26负,43胜21负, : 
1245,TOR,CHA,46胜18负,23胜42负, : 
1246,ORL,NYK,30胜35负,21胜45负, : 
1247,SAS,HOU,27胜36负,40胜24负, : 
1248,CLE,GSW,19胜46负,15胜50负, : 
1249,CHI,LAL,22胜43负,49胜14负, : 
1250,DET,MIA,20胜46负,41胜24负, : 
1251,PHX,NOP,26胜39负,28胜36负, : 
1252,BKN,MIL,30胜34负,53胜12负, : 
1253,SAC,MIN,28胜36负,19胜45负, : 
1254,DEN,POR,43胜22负,29胜37负, : 
1255,LAC,LAL,44胜20负,49胜14负, : 
1256,BOS,ORL,43胜21负,30胜35负, : 
1257,ATL,TOR,20胜47负,46胜18负, : 
1258,NYK,OKC,21胜45负,40胜24负, : 
1259,WAS,HOU,24胜40负,40胜24负, : 
1260,PHI,SAS,39胜26负,27胜36负, : 
1261,DET,DAL,20胜46负,40胜27负, : 
1262,PHI,NOP,39胜26负,28胜36负, : 
1263,WAS,CHA,24胜40负,23胜42负, : 
1264,ORL,IND,30胜35负,39胜26负, : 
1265,MIL,CLE,53胜12负,19胜46负, : 
1266,BKN,CHI,30胜34负,22胜43负, : 
1267,BOS,MIA,43胜21负,41胜24负, : 
1268,OKC,MEM,40胜24负,32胜33负, : 
1269,GSW,LAC,15胜50负,44胜20负, : 
1270,SAC,DEN,28胜36负,43胜22负, : 
1271,UTA,PHX,41胜23负,26胜39负, : 
1272,HOU,SAS,40胜24负,27胜36负, : 
1273,NYK,TOR,21胜45负,46胜18负, : 
1274,ATL,MIL,20胜47负,53胜12负, : 
1275,MIN,LAL,19胜45负,49胜14负, : 
1276,BOS,DET,43胜21负,20胜46负, : 
1277,BKN,CLE,30胜34负,19胜46负, : 
1278,MIA,CHA,41胜24负,23胜42负, : 
1279,SAS,IND,27胜36负,39胜26负, : 
1280,WAS,NOP,24胜40负,28胜36负, : 
1281,PHI,MEM,39胜26负,32胜33负, : 
1282,UTA,OKC,41胜23负,40胜24负, : 
1283,ORL,CHI,30胜35负,22胜43负, : 
1284,PHX,HOU,26胜39负,40胜24负, : 
1285,DAL,DEN,40胜27负,43胜22负, : 
1286,MIN,LAC,19胜45负,44胜20负, : 
1287,POR,GSW,29胜37负,15胜50负, : 
1288,DET,NYK,20胜46负,21胜45负, : 
1289,TOR,MIA,46胜18负,41胜24负, : 
1290,DEN,UTA,43胜22负,41胜23负, : 
1291,SAC,LAL,28胜36负,49胜14负, : 
1292,CLE,ATL,19胜46负,20胜47负, : 
1293,NOP,SAS,28胜36负,27胜36负, : 
1294,MIL,BKN,53胜12负,30胜34负, : 
1295,TOR,ORL,46胜18负,30胜35负, : 
1296,NYK,MIN,21胜45负,19胜45负, : 
1297,IND,WAS,39胜26负,24胜40负, : 
1298,CHA,PHI,23胜42负,39胜26负, : 
1299,OKC,DAL,40胜24负,40胜27负, : 
1300,CHI,BOS,22胜43负,43胜21负, : 
1301,MEM,HOU,32胜33负,40胜24负, : 
1302,LAL,PHX,49胜14负,26胜39负, : 
1303,LAC,POR,44胜20负,29胜37负, : 
1304,GSW,SAC,15胜50负,28胜36负, : 
1305,UTA,NOP,41胜23负,28胜36负,106:104
1306,LAC,LAL,44胜20负,49胜14负,101:103
1307,ORL,BKN,30胜35负,30胜34负,128:118
1308,MEM,POR,32胜33负,29胜37负,135:140
1309,PHX,WAS,26胜39负,24胜40负,125:112
1310,BOS,MIL,43胜21负,53胜12负,112:119
1311,SAC,SAS,28胜36负,27胜36负,120:129
1312,HOU,DAL,40胜24负,40胜27负,153:149
1313,MIA,DEN,41胜24负,43胜22负,125:105
1314,UTA,OKC,41胜23负,40胜24负,94:110
1315,NOP,LAC,28胜36负,44胜20负,103:126
1316,PHI,IND,39胜26负,39胜26负,121:127
1317,LAL,TOR,49胜14负,46胜18负,92:107
1318,WAS,BKN,24胜40负,30胜34负,110:118
1319,POR,BOS,29胜37负,43胜21负,124:128
1320,SAS,MEM,27胜36负,32胜33负,108:106
1321,SAC,ORL,28胜36负,30胜35负,116:132
1322,MIL,HOU,53胜12负,40胜24负,116:120
1323,DAL,PHX,40胜27负,26胜39负,115:117
1324,TOR,MIA,46胜18负,41胜24负,107:103
1325,IND,WAS,39胜26负,24胜40负,111:100
1326,DEN,OKC,43胜22负,40胜24负,121:113
1327,MEM,NOP,32胜33负,28胜36负,99:109
1328,SAS,PHI,27胜36负,39胜26负,130:132
1329,LAL,UTA,49胜14负,41胜23负,116:108
1330,BKN,MIL,30胜34负,53胜12负,119:116
1331,DAL,SAC,40胜27负,28胜36负,114:110
1332,PHX,LAC,26胜39负,44胜20负,117:115
1333,ORL,IND,30胜35负,39胜26负,109:120
1334,BOS,MIA,43胜21负,41胜24负,106:112
1335,HOU,POR,40胜24负,29胜37负,102:110
1336,MEM,UTA,32胜33负,41胜23负,115:124
1337,DEN,SAS,43胜22负,27胜36负,132:126
1338,PHI,WAS,39胜26负,24胜40负,107:98
1339,OKC,LAL,40胜24负,49胜14负,105:86
1340,TOR,ORL,46胜18负,30胜35负,109:99
1341,BKN,BOS,30胜34负,43胜21负,115:149
1342,NOP,SAC,28胜36负,28胜36负,125:140
1343,IND,PHX,39胜26负,26胜39负,99:114
1344,MIA,MIL,41胜24负,53胜12负,116:130
1345,LAC,DAL,44胜20负,40胜27负,126:111
1346,POR,DEN,29胜37负,43胜22负,125:115
1347,LAL,HOU,49胜14负,40胜24负,97:113
1348,UTA,SAS,41胜23负,27胜36负,111:119
1349,OKC,MEM,40胜24负,32胜33负,92:121
1350,SAC,BKN,28胜36负,30胜34负,106:119
1351,ORL,PHI,30胜35负,39胜26负,101:108
1352,WAS,NOP,24胜40负,28胜36负,107:118
1353,BOS,TOR,43胜21负,46胜18负,122:100
1354,LAC,POR,44胜20负,29胜37负,122:117
1355,UTA,DEN,41胜23负,43胜22负,132:134
1356,LAL,IND,49胜14负,39胜26负,111:116
1357,PHX,MIA,26胜39负,41胜24负,119:112
1358,MIL,DAL,53胜12负,40胜27负,132:136
1359,WAS,OKC,24胜40负,40胜24负,103:121
1360,MEM,TOR,32胜33负,46胜18负,99:108
1361,SAS,NOP,27胜36负,28胜36负,122:113
1362,ORL,BOS,30胜35负,43胜21负,119:122
1363,PHI,POR,39胜26负,29胜37负,121:124
1364,HOU,SAC,40胜24负,28胜36负,129:112
1365,BKN,LAC,30胜34负,44胜20负,129:120
1366,OKC,PHX,40胜24负,26胜39负,101:128
1367,DAL,UTA,40胜27负,41胜23负,122:114
1368,TOR,MIL,46胜18负,53胜12负,114:106
1369,IND,MIA,39胜26负,41胜24负,92:114
1370,DEN,LAL,43胜22负,49胜14负,121:124
1371,BKN,ORL,30胜34负,30胜35负,108:96
1372,HOU,SAS,40胜24负,27胜36负,105:123
1373,PHX,PHI,26胜39负,39胜26负,130:117
1374,BOS,MEM,43胜21负,32胜33负,122:107
1375,POR,DAL,29胜37负,40胜27负,134:131
1376,MIL,WAS,53胜12负,24胜40负,126:113
1377,NOP,SAC,28胜36负,28胜36负,106:112
1378,IND,HOU,39胜26负,40胜24负,108:104
1379,TOR,PHI,46胜18负,39胜26负,125:121
1380,MIA,OKC,41胜24负,40胜24负,115:116
1381,LAC,DEN,44胜20负,43胜22负,124:111
1382,WAS,BOS,24胜40负,43胜21负,96:90
1383,SAC,LAL,28胜36负,49胜14负,136:122
1384,MIL,MEM,53胜12负,32胜33负,106:119
1385,DAL,PHX,40胜27负,26胜39负,102:128
1386,SAS,UTA,27胜36负,41胜23负,112:118
1387,POR,BKN,29胜37负,30胜34负,134:133
1388,NOP,ORL,28胜36负,30胜35负,127:133
1389,DEN,TOR,43胜22负,46胜18负,109:117
1390,MIA,IND,41胜24负,39胜26负,92:109
1391,OKC,LAC,40胜24负,44胜20负,103:107
1392,PHI,HOU,39胜26负,40胜24负,134:96
1393,MEM,POR,32胜33负,29胜37负,122:126
1394,MEM,POR,32胜33负,29胜37负, : 
1395,UTA,DEN,41胜23负,43胜22负,125:135
1396,BKN,TOR,30胜34负,46胜18负,110:134
1397,PHI,BOS,39胜26负,43胜21负,101:109
1398,DAL,LAC,40胜27负,44胜20负,110:118
1399,ORL,MIL,30胜35负,53胜12负,122:110
1400,MIA,IND,41胜24负,39胜26负,113:101
1401,OKC,HOU,40胜24负,40胜24负,108:123
1402,POR,LAL,29胜37负,49胜14负,100:93
1403,BKN,TOR,30胜34负,46胜18负,99:104
1404,UTA,DEN,41胜23负,43胜22负,124:105
1405,PHI,BOS,39胜26负,43胜21负,101:128
1406,DAL,LAC,40胜27负,44胜20负,127:114
1407,MIA,IND,41胜24负,39胜26负,109:100
1408,OKC,HOU,40胜24负,40胜24负,98:111
1409,ORL,MIL,30胜35负,53胜12负,96:111
1410,POR,LAL,29胜37负,49胜14负,88:111
1411,TOR,BKN,46胜18负,30胜34负,117:92
1412,DEN,UTA,43胜22负,41胜23负,87:124
1413,BOS,PHI,43胜21负,39胜26负,102:94
1414,LAC,DAL,44胜20负,40胜27负,130:122
1415,MIL,ORL,53胜12负,30胜35负,121:107
1416,IND,MIA,39胜26负,41胜24负,115:124
1417,HOU,OKC,40胜24负,40胜24负,107:119
1418,LAL,POR,49胜14负,29胜37负,116:108
1419,BOS,PHI,43胜21负,39胜26负,110:106
1420,LAC,DAL,44胜20负,40胜27负,133:135
1421,TOR,BKN,46胜18负,30胜34负,150:122
1422,DEN,UTA,43胜22负,41胜23负,127:129
1423,MIL,ORL,53胜12负,30胜35负,121:106
1424,HOU,OKC,40胜24负,40胜24负,114:117
1425,IND,MIA,39胜26负,41胜24负,87:99
1426,LAL,POR,49胜14负,29胜37负,135:115
1427,UTA,DEN,41胜23负,43胜22负,107:117
1428,DAL,LAC,40胜27负,44胜20负,111:154
1429,ORL,MIL,30胜35负,53胜12负, : 
1430,OKC,HOU,40胜24负,40胜24负, : 
1431,POR,LAL,29胜37负,49胜14负, : 
1432,DEN,UTA,43胜22负,41胜23负, : 
1433,BOS,TOR,43胜21负,46胜18负, : 
1434,LAC,DAL,44胜20负,40胜27负, : 
1435,HOU,OKC,40胜24负,40胜24负, : 
1436,ORL,MIL,30胜35负,53胜12负,104:118
1437,OKC,HOU,40胜24负,40胜24负,80:114
1438,POR,LAL,29胜37负,49胜14负,122:131
1439,BOS,TOR,43胜21负,46胜18负,112:94
1440,LAC,DAL,44胜20负,40胜27负,111:97
1441,DEN,UTA,43胜22负,41胜23负,119:107
1442,MIA,MIL,41胜24负,53胜12负,115:104
1443,HOU,OKC,40胜24负,40胜24负,100:104
1444,BOS,TOR,43胜21负,46胜18负,102:99
1445,UTA,DEN,41胜23负,43胜22负,78:80
1446,MIA,MIL,41胜24负,53胜12负,116:114
1447,OKC,HOU,40胜24负,40胜24负,102:104
1448,TOR,BOS,46胜18负,43胜21负,104:103
1449,DEN,LAC,43胜22负,44胜20负,97:120
1450,MIL,MIA,53胜12负,41胜24负,100:115
1451,HOU,LAL,40胜24负,49胜14负,112:97
1452,TOR,BOS,46胜18负,43胜21负,100:93
1453,DEN,LAC,43胜22负,44胜20负,110:101
1454,MIL,MIA,53胜12负,41胜24负,118:115
1455,HOU,LAL,40胜24负,49胜14负,109:117
1456,BOS,TOR,43胜21负,46胜18负,111:89
1457,LAC,DEN,44胜20负,43胜22负,113:107
1458,MIA,MIL,41胜24负,53胜12负,103:94
1459,LAL,HOU,49胜14负,40胜24负,112:102
1460,TOR,BOS,46胜18负,43胜21负,125:122
1461,LAC,DEN,44胜20负,43胜22负,96:85
1462,LAL,HOU,49胜14负,40胜24负,110:100
1463,DEN,LAC,43胜22负,44胜20负,111:105
1464,BOS,TOR,43胜21负,46胜18负,92:87
1465,HOU,LAL,40胜24负,49胜14负,96:119
1466,LAC,DEN,44胜20负,43胜22负,98:111
1467,MIA,BOS,41胜24负,43胜21负,117:114
1468,DEN,LAC,43胜22负,44胜20负,104:89
1469,MIA,BOS,41胜24负,43胜21负,106:101
1470,DEN,LAL,43胜22负,49胜14负,114:126
1471,BOS,MIA,43胜21负,41胜24负,117:106
1472,DEN,LAL,43胜22负,49胜14负,103:105
1473,LAL,DEN,49胜14负,43胜22负,106:114
1474,BOS,MIA,43胜21负,41胜24负,109:112
1475,LAL,DEN,49胜14负,43胜22负,114:108
1476,MIA,BOS,41胜24负,43胜21负,108:121
1477,DEN,LAL,43胜22负,49胜14负,107:117
1478,BOS,MIA,43胜21负,41胜24负,113:125
1479,MIA,LAL,41胜24负,49胜14负,98:116
1480,MIA,LAL,41胜24负,49胜14负,114:124
1481,LAL,MIA,49胜14负,41胜24负,104:115
1482,LAL,MIA,49胜14负,41胜24负,102:96
1483,MIA,LAL,41胜24负,49胜14负,111:108
1484,LAL,MIA,49胜14负,41胜24负,106:93
1485,MIA,LAL,41胜24负,49胜14负, : 
1486,ORL,ATL,30胜35负,20胜47负,116:112
1487,NYK,DET,21胜45负,20胜46负,90:84
1488,HOU,CHI,40胜24负,22胜43负,125:104
1489,LAC,LAL,44胜20负,49胜14负,81:87
1490,SAC,POR,28胜36负,29胜37负,102:127
1491,IND,CLE,39胜26负,19胜46负,104:107
1492,TOR,CHA,46胜18负,23胜42负,111:100
1493,OKC,SAS,40胜24负,27胜36负,121:108
1494,DAL,MIL,40胜27负,53胜12负,112:102
1495,MEM,MIN,32胜33负,19胜45负,107:105
1496,DEN,GSW,43胜22负,15胜50负,105:107
1497,PHX,UTA,26胜39负,41胜23负,105:119
1498,ORL,ATL,30胜35负,20胜47负,107:116
1499,WAS,BKN,24胜40负,30胜34负,114:119
1500,NYK,DET,21胜45负,20胜46负,91:99
1501,HOU,CHI,40胜24负,22胜43负,91:104
1502,LAC,LAL,44胜20负,49胜14负,106:131
1503,SAC,POR,28胜36负,29胜37负,121:106
1504,IND,CLE,39胜26负,19胜46负,106:116
1505,TOR,CHA,46胜18负,23胜42负,112:109
1506,NOP,MIA,28胜36负,41胜24负,114:92
1507,MEM,MIN,32胜33负,19胜45负,123:104
1508,DAL,MIL,40胜27负,53胜12负,128:112
1509,PHX,UTA,26胜39负,41胜23负,92:111
1510,BOS,PHI,43胜21负,39胜26负,99:108
1511,SAS,HOU,27胜36负,40胜24负,98:112
1512,GSW,SAC,15胜50负,28胜36负,113:114
1513,CLE,NYK,19胜46负,21胜45负,93:100
1514,CHI,OKC,22胜43负,40胜24负,124:103
1515,POR,DEN,29胜37负,43胜22负,95:126
1516,LAL,PHX,49胜14负,26胜39负,112:107
