Tm1,Tm2,Sco1,Sco2,sco
IND,SAC,39胜26负,28胜36负,132:131
SAC,IND,28胜36负,39胜26负,106:130
LAL,GSW,49胜14负,15胜50负,123:101
ORL,SAS,30胜35负,27胜36负,125:89
CHA,BOS,23胜42负,43胜21负,106:107
ORL,DET,30胜35负,20胜46负,115:91
NYK,WAS,21胜45负,24胜40负,104:99
NOP,ATL,28胜36负,20胜47负,133:109
MIL,CHI,53胜12负,22胜43负,122:112
SAS,MIA,27胜36负,41胜24负,89:107
DAL,OKC,40胜27负,40胜24负,104:119
MIN,PHX,19胜45负,26胜39负,106:111
DEN,POR,43胜22负,29胜37负,105:94
DAL,DET,40胜27负,20胜46负,117:124
MIA,CHA,41胜24负,23胜42负,108:94
ORL,ATL,30胜35负,20胜47负,97:88
UTA,MIL,41胜23负,53胜12负,99:133
NOP,CHI,28胜36负,22胜43负,127:125
PHX,SAC,26胜39负,28胜36负,88:105
DEN,LAC,43胜22负,44胜20负,111:91
MIN,GSW,19胜45负,15胜50负,123:143
CHI,IND,22胜43负,39胜26负,87:105
CLE,DET,19胜46负,20胜46负,105:109
BOS,ORL,43胜21负,30胜35负,100:75
PHI,CHA,39胜26负,23胜42负,100:87
WAS,NYK,24胜40负,21胜45负,115:99
UTA,NOP,41胜23负,28胜36负,127:128
MIL,DAL,53胜12负,40胜27负,118:111
PHX,POR,26胜39负,29胜37负,134:118
CLE,BOS,19胜46负,43胜21负,72:118
NOP,SAS,28胜36负,27胜36负,123:114
CHI,TOR,22胜43负,46胜18负,105:91
MIL,WAS,53胜12负,24胜40负,115:108
PHI,ORL,39胜26负,30胜35负,126:94
ATL,MIA,20胜47负,41胜24负,87:120
CHA,MEM,23胜42负,32胜33负,120:99
OKC,DAL,40胜24负,40胜27负,70:107
SAC,UTA,28胜36负,41胜23负,128:115
DEN,PHX,43胜22负,26胜39负,107:102
GSW,LAL,15胜50负,49胜14负,98:104
BOS,CLE,43胜21负,19胜46负,118:95
DET,PHI,20胜46负,39胜26负,86:106
MIN,IND,19胜45负,39胜26负,119:111
DET,CHA,20胜46负,23胜42负,116:110
ATL,NYK,20胜47负,21胜45负,100:96
MEM,OKC,32胜33负,40胜24负,124:119
POR,UTA,29胜37负,41胜23负,126:118
GSW,LAL,15胜50负,49胜14负,93:126
MIA,ORL,41胜24负,30胜35负,107:98
MIN,MIL,19胜45负,53胜12负,96:118
ATL,CHI,20胜47负,22胜43负,93:111
POR,DEN,29胜37负,43胜22负,104:110
DAL,LAC,40胜27负,44胜20负,102:87
WAS,PHI,24胜40负,39胜26负,112:93
TOR,BKN,46胜18负,30胜34负,123:107
NOP,NYK,28胜36负,21胜45负,117:116
MEM,SAS,32胜33负,27胜36负,91:104
LAL,GSW,49胜14负,15胜50负,103:124
NOP,TOR,28胜36负,46胜18负,122:130
LAL,LAC,49胜14负,44胜20负,102:112
CHI,CHA,22胜43负,23胜42负,125:126
CLE,ORL,19胜46负,30胜35负,85:94
DET,IND,20胜46负,39胜26负,119:110
MEM,MIA,32胜33负,41胜24负,101:120
BOS,PHI,43胜21负,39胜26负,93:107
MIN,BKN,19胜45负,30胜34负,127:126
WAS,DAL,24胜40负,40胜27负,100:108
NYK,SAS,21胜45负,27胜36负,111:120
OKC,UTA,40胜24负,41胜23负,95:100
SAC,PHX,28胜36负,26胜39负,95:124
DEN,POR,43胜22负,29胜37负,108:100
ATL,DET,20胜47负,20胜46负,117:100
MIL,HOU,53胜12负,40胜24负,117:111
LAC,GSW,44胜20负,15胜50负,141:122
MIN,CHA,19胜45负,23胜42负,121:99
TOR,BOS,46胜18负,43胜21负,106:112
NYK,BKN,21胜45负,30胜34负,109:113
DAL,NOP,40胜27负,28胜36负,123:116
CHI,MEM,22胜43负,32胜33负,110:102
WAS,OKC,24胜40负,40胜24负,97:85
PHX,DEN,26胜39负,43胜22负,107:108
POR,SAC,29胜37负,28胜36负,122:112
UTA,LAL,41胜23负,49胜14负,86:95
MIA,MIL,41胜24负,53胜12负,131:126
PHI,DET,39胜26负,20胜46负,117:111
ORL,ATL,30胜35负,20胜47负,99:103
BOS,NYK,43胜21负,21胜45负,118:95
IND,CLE,39胜26负,19胜46负,99:110
TOR,CHI,46胜18负,22胜43负,108:84
NOP,HOU,28胜36负,40胜24负,123:126
WAS,SAS,24胜40负,27胜36负,122:124
SAC,UTA,28胜36负,41胜23负,81:113
LAC,PHX,44胜20负,26胜39负,122:130
GSW,OKC,15胜50负,40胜24负,92:120
BKN,MEM,30胜34负,32胜33负,133:134
POR,DAL,29胜37负,40胜27负,121:119
MIA,MIN,41胜24负,19胜45负,109:116
CHA,LAL,23胜42负,49胜14负,101:120
CHI,NYK,22胜43负,21胜45负,98:105
IND,DET,39胜26负,20胜46负,94:96
PHI,ATL,39胜26负,20胜47负,105:103
ORL,TOR,30胜35负,46胜18负,95:104
GSW,NOP,15胜50负,28胜36负,134:123
CLE,MIL,19胜46负,53胜12负,112:129
OKC,HOU,40胜24负,40胜24负,112:116
POR,SAS,29胜37负,27胜36负,110:113
UTA,PHX,41胜23负,26胜39负,96:95
DEN,SAC,43胜22负,28胜36负,101:94
CHA,LAC,23胜42负,44胜20负,96:111
ATL,MIA,20胜47负,41胜24负,97:112
DAL,DEN,40胜27负,43胜22负,109:106
MEM,LAL,32胜33负,49胜14负,91:120
NYK,ORL,21胜45负,30胜35负,83:95
CHI,CLE,22胜43负,19胜46负,111:117
MIN,PHI,19胜45负,39胜26负,95:117
MIL,BOS,53胜12负,43胜21负,105:116
IND,BKN,39胜26负,30胜34负,118:108
DET,TOR,20胜46负,46胜18负,113:125
POR,OKC,29胜37负,40胜24负,102:99
HOU,WAS,40胜24负,24胜40负,159:158
CHA,SAC,23胜42负,28胜36负,118:111
LAC,UTA,44胜20负,41胜23负,96:110
PHX,GSW,26胜39负,15胜50负,121:110
MIA,ATL,41胜24负,20胜47负,106:97
DEN,NOP,43胜22负,28胜36负,107:122
SAS,LAC,27胜36负,44胜20负,97:103
CLE,IND,19胜46负,39胜26负,95:102
MIL,ORL,53胜12负,30胜35负,123:91
HOU,BKN,40胜24负,30胜34负,116:123
NYK,BOS,21胜45负,43胜21负,102:104
DET,CHI,20胜46负,22胜43负,106:112
LAL,DAL,49胜14负,40胜27负,119:110
UTA,SAC,41胜23负,28胜36负,101:102
SAS,GSW,27胜36负,15胜50负,127:110
NOP,OKC,28胜36负,40胜24负,104:115
BKN,DET,30胜34负,20胜46负,109:113
DEN,ORL,43胜22负,30胜35负,91:87
TOR,MIL,46胜18负,53胜12负,105:115
PHX,MEM,26胜39负,32胜33负,114:105
MIN,WAS,19胜45负,24胜40负,131:109
CHA,GSW,23胜42负,15胜50负,93:87
PHI,POR,39胜26负,29胜37负,129:128
CHI,IND,22胜43负,39胜26负,95:108
SAC,NYK,28胜36负,21胜45负,113:92
HOU,MIA,40胜24负,41胜24负,100:129
LAL,SAS,49胜14负,27胜36负,103:96
DAL,CLE,40胜27负,19胜46负,131:111
UTA,LAC,41胜23负,44胜20负,94:105
DET,WAS,20胜46负,24胜40负,99:115
NOP,BKN,28胜36负,30胜34负,125:135
MIL,MIN,53胜12负,19胜45负,134:106
HOU,MEM,40胜24负,32胜33负,107:100
PHI,PHX,39胜26负,26胜39负,109:114
POR,GSW,29胜37负,15胜50负,118:127
BOS,CLE,43胜21负,19胜46负,119:113
IND,CHA,39胜26负,23胜42负,120:122
SAS,ATL,27胜36负,20胜47负,100:108
LAL,CHI,49胜14负,22胜43负,118:112
ORL,OKC,30胜35负,40胜24负,94:102
MIA,DEN,41胜24负,43胜22负,89:109
WAS,IND,24胜40负,39胜26负,106:121
NYK,DET,21胜45负,20胜46负,102:122
CHI,ATL,22胜43负,20胜47负,113:93
SAC,TOR,28胜36负,46胜18负,120:124
GSW,HOU,15胜50负,40胜24负,112:129
MIN,MEM,19胜45负,32胜33负,121:137
ORL,DAL,30胜35负,40胜27负,106:107
PHI,UTA,39胜26负,41胜23负,104:106
MIL,LAC,53胜12负,44胜20负,129:124
BOS,CHA,43胜21负,23胜42负,108:87
OKC,SAS,40胜24负,27胜36负,112:121
MIA,PHX,41胜24负,26胜39负,124:108
POR,LAC,29胜37负,44胜20负,101:107
MEM,ORL,32胜33负,30胜35负,86:118
CLE,WAS,19胜46负,24胜40负,113:100
DET,IND,20胜46负,39胜26负,106:112
SAC,ATL,28胜36负,20胜47负,121:109
GSW,MIN,15胜50负,19胜45负,119:125
TOR,NOP,46胜18负,28胜36负,122:104
NYK,DAL,21胜45负,40胜27负,106:102
PHI,DEN,39胜26负,43胜22负,97:100
MIL,UTA,53胜12负,41胜23负,100:103
BKN,POR,30胜34负,29胜37负,119:115
MIA,LAL,41胜24负,49胜14负,80:95
BOS,SAS,43胜21负,27胜36负,135:115
NOP,CHA,28胜36负,23胜42负,115:110
DAL,MEM,40胜27负,32胜33负,138:122
GSW,OKC,15胜50负,40胜24负,108:114
HOU,CHI,40胜24负,22胜43负,117:94
DEN,MIN,43胜22负,19胜45负,100:98
IND,ORL,39胜26负,30胜35负,109:102
CHA,PHI,23胜42负,39胜26负,106:114
MIL,OKC,53胜12负,40胜24负,121:119
CLE,NYK,19胜46负,21胜45负,108:87
BKN,PHX,30胜34负,26胜39负,112:138
ATL,POR,20胜47负,29胜37负,113:124
TOR,LAL,46胜18负,49胜14负,113:104
MIN,DET,19胜45负,20胜46负,120:114
DAL,BOS,40胜27负,43胜21负,106:116
MEM,SAS,32胜33负,27胜36负,113:109
HOU,NOP,40胜24负,28胜36负,122:116
UTA,GSW,41胜23负,15胜50负,122:108
TOR,LAC,46胜18负,44胜20负,88:98
CLE,PHI,19胜46负,39胜26负,97:98
OKC,IND,40胜24负,39胜26负,85:111
DET,MIA,20胜46负,41胜24负,108:117
NYK,CHI,21胜45负,22胜43负,102:120
ATL,DEN,20胜47负,43胜22负,125:121
LAL,PHX,49胜14负,26胜39负,123:115
BKN,UTA,30胜34负,41胜23负,114:119
POR,SAC,29胜37负,28胜36负,99:107
MEM,CHA,32胜33负,23胜42负,119:117
PHI,ORL,39胜26负,30胜35负,97:112
LAC,HOU,44胜20负,40胜24负,93:102
WAS,BOS,24胜40负,43胜21负,133:140
SAS,MIN,27胜36负,19胜45负,114:129
GSW,LAL,15胜50负,49胜14负,94:120
TOR,POR,46胜18负,29胜37负,114:106
MIA,CLE,41胜24负,19胜46负,108:97
LAC,NOP,44胜20负,28胜36负,127:132
DAL,NYK,40胜27负,21胜45负,103:106
CHI,MIL,22胜43负,53胜12负,115:124
ATL,PHX,20胜47负,26胜39负,112:128
BKN,DEN,30胜34负,43胜22负,93:101
DET,CHA,20胜46负,23胜42负,106:109
SAS,ORL,27胜36负,30胜35负,109:111
IND,HOU,39胜26负,40胜24负,102:111
WAS,MIN,24胜40负,19胜45负,137:116
UTA,MEM,41胜23负,32胜33负,106:107
PHI,OKC,39胜26负,40胜24负,119:127
SAC,LAL,28胜36负,49胜14负,97:99
BOS,GSW,43胜21负,15胜50负,105:100
BKN,CHI,30胜34负,22胜43负,117:111
MIL,IND,53胜12负,39胜26负,102:83
CHA,NYK,23胜42负,21胜45负,103:102
HOU,MIN,40胜24负,19胜45负,125:105
NOP,MIA,28胜36负,41胜24负,94:109
TOR,DAL,46胜18负,40胜27负,102:110
POR,SAS,29胜37负,27胜36负,121:116
ATL,LAC,20胜47负,44胜20负,101:150
PHI,CLE,39胜26负,19胜46负,114:95
BOS,SAC,43胜21负,28胜36负,99:100
WAS,ORL,24胜40负,30胜35负,121:125
DEN,MEM,43胜22负,32胜33负,131:114
GSW,NOP,15胜50负,28胜36负,100:108
ATL,LAL,20胜47负,49胜14负,101:122
CLE,NYK,19胜46负,21胜45负,105:123
IND,BKN,39胜26负,30胜34负,115:86
CHA,TOR,23胜42负,46胜18负,96:132
POR,HOU,29胜37负,40胜24负,108:132
MIL,CHI,53胜12负,22胜43负,115:101
SAS,DAL,27胜36负,40胜27负,110:117
BOS,PHX,43胜21负,26胜39负,99:85
MIN,UTA,19胜45负,41胜23负,112:102
OKC,LAC,40胜24负,44胜20负,88:90
GSW,MEM,15胜50负,32胜33负,114:95
POR,NOP,29胜37负,28胜36负,104:115
PHX,SAC,26胜39负,28胜36负,116:120
OKC,LAL,40胜24负,49胜14负,107:112
NYK,PHI,21胜45负,39胜26负,104:109
SAS,WAS,27胜36负,24胜40负,132:138
GSW,DAL,15胜50负,40胜27负,94:142
MIL,ATL,53胜12负,20胜47负,135:127
ORL,TOR,30胜35负,46胜18负,97:113
CLE,MIA,19胜46负,41胜24负,100:124
CHA,BKN,23胜42负,30胜34负,91:101
UTA,MIN,41胜23负,19胜45负,103:95
DET,CHI,20胜46负,22胜43负,89:109
HOU,DEN,40胜24负,43胜22负,95:105
BOS,LAC,43胜21负,44胜20负,104:107
POR,MIL,29胜37负,53胜12负,129:137
NOP,PHX,28胜36负,26胜39负,124:121
CHA,WAS,23胜42负,24胜40负,118:125
ATL,DET,20胜47负,20胜46负,103:128
SAC,BKN,28胜36负,30胜34负,97:116
MIA,CHI,41胜24负,22胜43负,116:108
SAS,PHI,27胜36负,39胜26负,104:115
LAL,OKC,49胜14负,40胜24负,130:127
CLE,DAL,19胜46负,40胜27负,101:143
BOS,DEN,43胜21负,43胜22负,92:96
GSW,UTA,15胜50负,41胜23负,109:113
HOU,LAC,40胜24负,44胜20负,119:122
PHX,MIN,26胜39负,19胜45负,100:98
CHI,CHA,22胜43负,23胜42负,116:115
ORL,IND,30胜35负,39胜26负,106:111
SAS,NYK,27胜36负,21胜45负,111:104
TOR,ATL,46胜18负,20胜47负,119:116
MIA,PHI,41胜24负,39胜26负,86:113
POR,CLE,29胜37负,19胜46负,104:110
LAL,MEM,49胜14负,32胜33负,109:108
DET,MIL,20胜46负,53胜12负,90:104
NOP,UTA,28胜36负,41胜23负,120:128
DAL,HOU,40胜27负,40胜24负,137:123
SAC,WAS,28胜36负,24胜40负,113:106
BKN,NYK,30胜34负,21胜45负,103:101
PHX,DEN,26胜39负,43胜22负,104:116
NOP,LAC,28胜36负,44胜20负,109:134
BKN,CLE,30胜34负,19胜46负,108:106
ORL,DET,30胜35负,20胜46负,88:103
MEM,IND,32胜33负,39胜26负,114:126
MIN,ATL,19胜45负,20胜47负,125:113
PHI,TOR,39胜26负,46胜18负,96:101
CHA,MIA,23胜42负,41胜24负,100:117
SAC,BOS,28胜36负,43胜21负,102:103
POR,CHI,29胜37负,22胜43负,117:94
UTA,MIL,41胜23负,53胜12负,118:122
LAL,SAS,49胜14负,27胜36负,114:104
OKC,GSW,40胜24负,15胜50负,100:97
LAC,DAL,44胜20负,40胜27负,114:99
WAS,DEN,24胜40负,43胜22负,104:117
ORL,CLE,30胜35负,19胜46负,116:104
BKN,BOS,30胜34负,43胜21负,110:121
UTA,IND,41胜23负,39胜26负,102:121
SAC,PHI,28胜36负,39胜26负,91:97
DET,CHA,20胜46负,23胜42负,101:102
NYK,TOR,21胜45负,46胜18负,98:126
MIA,HOU,41胜24负,40胜24负,108:117
LAC,MEM,44胜20负,32胜33负,121:119
ATL,MIL,20胜47负,53胜12负,102:111
MIN,SAS,19胜45负,27胜36负,113:101
WAS,PHX,24胜40负,26胜39负,140:132
LAL,NOP,49胜14负,28胜36负,114:110
OKC,POR,40胜24负,29胜37负,119:136
CHI,GSW,22胜43负,15胜50负,90:104
BOS,BKN,43胜21负,30胜34负,107:112
TOR,ORL,46胜18负,30胜35负,90:83
CHA,DET,23胜42负,20胜46负,110:107
PHI,NYK,39胜26负,21胜45负,101:95
MIL,CLE,53胜12负,19胜46负,119:110
GSW,MIA,15胜50负,41胜24负,105:122
ATL,IND,20胜47负,39胜26负,104:105
NOP,OKC,28胜36负,40胜24负,104:109
UTA,MEM,41胜23负,32胜33负,103:94
LAC,SAS,44胜20负,27胜36负,97:107
DAL,PHX,40胜27负,26胜39负,120:113
CHI,POR,22胜43负,29胜37负,103:107
WAS,LAL,24胜40负,49胜14负,103:125
DEN,SAC,43胜22负,28胜36负,97:100
IND,PHI,39胜26负,39胜26负,116:119
CHA,MIL,23胜42负,53胜12负,96:137
ATL,HOU,20胜47负,40胜24负,111:158
MIA,BKN,41胜24负,30胜34负,109:106
BOS,NYK,43胜21负,21胜45负,113:104
MEM,MIN,32胜33负,19胜45负,115:107
DAL,LAL,40胜27负,49胜14负,114:100
OKC,NOP,40胜24负,28胜36负,107:104
SAS,DET,27胜36负,20胜46负,98:132
GSW,ORL,15胜50负,30胜35负,96:100
UTA,TOR,41胜23负,46胜18负,110:130
WAS,LAC,24胜40负,44胜20负,125:150
PHX,CHA,26胜39负,23胜42负,109:104
UTA,PHI,41胜23负,39胜26负,94:103
GSW,ATL,15胜50负,20胜47负,79:104
IND,MEM,39胜26负,32胜33负,117:104
NYK,MIL,21胜45负,53胜12负,88:132
CHI,SAC,22胜43负,28胜36负,113:106
DET,CLE,20胜46负,19胜46负,127:94
ORL,WAS,30胜35负,24胜40负,127:120
MIA,TOR,41胜24负,46胜18负,121:110
DAL,NOP,40胜27负,28胜36负,118:97
HOU,SAS,40胜24负,27胜36负,133:135
LAL,DEN,49胜14负,43胜22负,105:96
POR,LAC,29胜37负,44胜20负,97:117
PHX,ORL,26胜39负,30胜35负,114:128
GSW,CHA,15胜50负,23胜42负,91:106
MIL,DET,53胜12负,20胜46负,127:103
MIA,BOS,41胜24负,43胜21负,93:112
BKN,ATL,30胜34负,20胜47负,130:118
IND,OKC,39胜26负,40胜24负,107:100
MEM,CHI,32胜33负,22胜43负,99:106
MIN,DAL,19胜45负,40胜27负,114:121
LAL,UTA,49胜14负,41胜23负,121:96
SAC,POR,28胜36负,29胜37负,116:127
PHI,WAS,39胜26负,24胜40负,113:119
DEN,NYK,43胜22负,21胜45负,129:92
HOU,TOR,40胜24负,46胜18负,119:109
PHX,NOP,26胜39负,28胜36负,139:132
IND,DET,39胜26负,20胜46负,101:108
BKN,CHA,30胜34负,23胜42负,111:104
ORL,CLE,30胜35负,19胜46负,93:87
MIN,OKC,19胜45负,40胜24负,127:139
WAS,MIA,24胜40负,41胜24负,103:112
DEN,BOS,43胜22负,43胜21负,95:108
GSW,CHI,15胜50负,22胜43负,100:98
LAC,MIL,44胜20负,53胜12负,91:119
SAC,SAS,28胜36负,27胜36负,104:105
LAL,POR,49胜14负,29胜37负,136:113
NOP,DAL,28胜36负,40胜27负,84:130
CLE,PHI,19胜46负,39胜26负,94:141
IND,NYK,39胜26负,21胜45负,104:103
PHX,HOU,26胜39负,40胜24负,109:115
MEM,UTA,32胜33负,41胜23负,112:126
DEN,BKN,43胜22负,30胜34负,102:105
ATL,CHA,20胜47负,23胜42负,122:107
TOR,PHI,46胜18负,39胜26负,104:110
CHI,MIA,22胜43负,41胜24负,105:110
LAC,WAS,44胜20负,24胜40负,135:119
SAC,DAL,28胜36负,40胜27负,110:106
OKC,POR,40胜24负,29胜37负,108:96
MIN,LAL,19胜45负,49胜14负,125:142
LAC,IND,44胜20负,39胜26负,110:99
CLE,BOS,19胜46负,43胜21负,88:110
TOR,CHI,46胜18负,22胜43负,93:92
DET,NOP,20胜46负,28胜36负,105:103
ORL,MIL,30胜35负,53胜12负,101:110
SAC,HOU,28胜36负,40胜24负,119:118
OKC,UTA,40胜24负,41胜23负,104:90
MIN,PHX,19胜45负,26胜39负,109:125
MEM,GSW,32胜33负,15胜50负,110:102
WAS,CHA,24胜40负,23胜42负,107:114
DEN,PHI,43胜22负,39胜26负,92:97
ATL,MIA,20胜47负,41胜24负,121:135
NYK,POR,21胜45负,29胜37负,87:115
LAL,ORL,49胜14负,30胜35负,96:87
LAC,TOR,44胜20负,46胜18负,112:92
BOS,IND,43胜21负,39胜26负,117:122
HOU,CLE,40胜24负,19胜46负,116:110
CHA,BKN,23胜42负,30胜34负,113:108
ATL,CHI,20胜47负,22胜43负,102:136
UTA,MIN,41胜23负,19胜45负,127:116
MEM,PHX,32胜33负,26胜39负,115:108
NOP,MIL,28胜36负,53胜12负,112:127
OKC,SAC,40胜24负,28胜36负,93:94
NYK,GSW,21胜45负,15胜50负,124:122
PHI,BOS,39胜26负,43胜21负,115:109
CLE,SAS,19胜46负,27胜36负,117:109
DAL,DET,40胜27负,20胜46负,122:111
POR,DEN,29胜37负,43胜22负,99:114
NOP,PHI,28胜36负,39胜26负,109:116
LAL,MIA,49胜14负,41胜24负,113:110
HOU,ORL,40胜24负,30胜35负,130:107
IND,ATL,39胜26负,20胜47负,110:100
CHA,CHI,23胜42负,22胜43负,83:73
MIL,MEM,53胜12负,32胜33负,127:114
GSW,UTA,15胜50负,41胜23负,106:114
LAC,MIN,44胜20负,19胜45负,124:117
NYK,SAC,21胜45负,28胜36负,103:101
SAS,PHX,27胜36负,26胜39负,121:119
BKN,TOR,30胜34负,46胜18负,102:110
WAS,MEM,24胜40负,32胜33负,111:128
LAC,CHI,44胜20负,22胜43负,106:109
MIA,DAL,41胜24负,40胜27负,122:118
CLE,MIL,19胜46负,53胜12负,108:125
OKC,DEN,40胜24负,43胜22负,102:110
DET,HOU,20胜46负,40胜24负,115:107
ORL,NOP,30胜35负,28胜36负,130:119
CHA,IND,23胜42负,39胜26负,85:107
LAL,ATL,49胜14负,20胜47负,101:96
PHI,BKN,39胜26负,30胜34负,89:109
NYK,DEN,21胜45负,43胜22负,105:111
SAC,GSW,28胜36负,15胜50负,100:79
WAS,DET,24胜40负,20胜46负,133:119
CLE,TOR,19胜46负,46胜18负,113:133
CHI,OKC,22胜43负,40胜24负,106:109
MIA,MEM,41胜24负,32胜33负,111:118
DAL,MIL,40胜27负,53胜12负,120:116
SAS,HOU,27胜36负,40胜24负,107:109
POR,PHX,29胜37负,26胜39负,111:110
LAL,IND,49胜14负,39胜26负,102:105
SAC,CHA,28胜36负,23胜42负,102:110
ATL,NYK,20胜47负,21胜45负,120:143
BKN,NOP,30胜34负,28胜36负,108:101
ORL,UTA,30胜35负,41胜23负,102:109
PHX,LAC,26胜39负,44胜20负,99:120
CHI,WAS,22胜43负,24胜40负,110:109
TOR,DET,46胜18负,20胜46负,112:99
CHA,CLE,23胜42负,19胜46负,98:100
MIA,PHI,41胜24负,39胜26负,108:104
MEM,OKC,32胜33负,40胜24负,122:126
NOP,MIN,28胜36负,19胜45负,107:99
ORL,DEN,30胜35负,43胜22负,104:113
BOS,DAL,43胜21负,40胜27负,109:103
GSW,POR,15胜50负,29胜37负,112:122
UTA,ATL,41胜23负,20胜47负,111:106
LAL,MIL,49胜14负,53胜12负,104:111
BKN,SAS,30胜34负,27胜36负,105:118
HOU,LAC,40胜24负,44胜20负,122:117
SAC,IND,28胜36负,39胜26负,105:119
MEM,CLE,32胜33负,19胜46负,107:114
DET,BOS,20胜46负,43胜21负,93:114
WAS,TOR,24胜40负,46胜18负,118:122
DAL,PHI,40胜27负,39胜26负,117:98
NYK,MIA,21胜45负,41胜24负,114:129
PHX,OKC,26胜39负,40胜24负,108:126
MIN,DEN,19胜45负,43胜22负,100:109
ORL,POR,30胜35负,29胜37负,103:118
NOP,GSW,28胜36负,15胜50负,102:106
UTA,CHA,41胜23负,23胜42负,114:107
ATL,BKN,20胜47负,30胜34负,112:122
WAS,PHI,24胜40负,39胜26负,108:125
CHI,DET,22胜43负,20胜46负,119:107
MIL,NYK,53胜12负,21胜45负,123:102
SAC,MEM,28胜36负,32胜33负,115:119
LAC,SAS,44胜20负,27胜36负,134:109
HOU,PHX,40胜24负,26胜39负,139:125
MIN,POR,19胜45负,29胜37负,106:113
DAL,TOR,40胜27负,46胜18负,107:110
CHA,BOS,23胜42负,43胜21负,93:119
IND,MIL,39胜26负,53胜12负,89:117
LAC,OKC,44胜20负,40胜24负,112:118
DEN,LAL,43胜22负,49胜14负,128:104
TOR,IND,46胜18负,39胜26负,115:120
CHI,ORL,22胜43负,30胜35负,95:103
PHI,DET,39胜26负,20胜46负,125:109
ATL,CLE,20胜47负,19胜46负,118:121
WAS,NYK,24胜40负,21胜45负,121:115
UTA,MIA,41胜23负,41胜24负,104:107
SAS,MEM,27胜36负,32胜33负,145:115
DEN,PHX,43胜22负,26胜39负,113:111
HOU,SAC,40胜24负,28胜36负,113:104
NOP,POR,28胜36负,29胜37负,102:94
MIN,GSW,19胜45负,15胜50负,104:113
BOS,TOR,43胜21负,46胜18负,118:102
MIL,PHI,53胜12负,39胜26负,109:121
HOU,GSW,40胜24负,15胜50负,104:116
LAC,LAL,44胜20负,49胜14负,111:106
NOP,DEN,28胜36负,43胜22负,112:100
WAS,DET,24胜40负,20胜46负,102:132
NYK,BKN,21胜45负,30胜34负,94:82
MEM,OKC,32胜33负,40胜24负,110:97
SAS,DAL,27胜36负,40胜27负,98:102
MIN,SAC,19胜45负,28胜36负,105:104
POR,UTA,29胜37负,41胜23负,115:121
CLE,BOS,19胜46负,43胜21负,117:129
OKC,CHA,40胜24负,23胜42负,104:102
PHI,ORL,39胜26负,30胜35负,97:98
MIL,ATL,53胜12负,20胜47负,112:86
IND,MIA,39胜26负,41胜24负,112:113
PHX,GSW,26胜39负,15胜50负,96:105
MEM,DEN,32胜33负,43胜22负,110:119
IND,NOP,39胜26负,28胜36负,98:120
TOR,BOS,46胜18负,43胜21负,113:97
BKN,HOU,30胜34负,40胜24负,98:108
NYK,WAS,21胜45负,24胜40负,107:100
PHI,MIA,39胜26负,41胜24负,116:117
CLE,MIN,19胜46负,19胜45负,94:88
ATL,CHI,20胜47负,22胜43负,81:116
DET,SAS,20胜46负,27胜36负,109:136
ORL,MIL,30胜35负,53胜12负,100:111
DAL,GSW,40胜27负,15胜50负,141:121
PHX,SAC,26胜39负,28胜36负,112:110
LAL,POR,49胜14负,29胜37负,128:120
UTA,LAC,41胜23负,44胜20负,120:107
OKC,TOR,40胜24负,46胜18负,98:97
HOU,NOP,40胜24负,28胜36负,112:127
SAC,DEN,28胜36负,43胜22负,115:120
CHA,MEM,23胜42负,32胜33负,104:117
DAL,LAL,40胜27负,49胜14负,95:108
MIA,WAS,41胜24负,24胜40负,105:123
ATL,ORL,20胜47负,30胜35负,101:93
BKN,MIN,30胜34负,19胜45负,115:122
MIL,CHI,53胜12负,22胜43负,123:102
DET,UTA,20胜46负,41胜23负,81:104
PHX,POR,26胜39负,29胜37负,122:116
PHI,IND,39胜26负,39胜26负,97:115
BOS,CHA,43胜21负,23胜42负,109:92
LAC,SAC,44胜20负,28胜36负,105:87
DEN,HOU,43胜22负,40胜24负,104:130
CLE,TOR,19胜46负,46胜18负,97:117
GSW,SAS,15胜50负,27胜36负,113:117
DAL,OKC,40胜27负,40胜24负,101:106
ORL,WAS,30胜35负,24胜40负,122:101
POR,NYK,29胜37负,21胜45负,93:117
MIN,MIL,19胜45负,53胜12负,104:106
PHX,LAL,26胜39负,49胜14负,107:117
CHA,CLE,23胜42负,19胜46负,109:106
DEN,IND,43胜22负,39胜26负,124:116
TOR,MIA,46胜18负,41胜24负,76:84
UTA,CHI,41胜23负,22胜43负,102:98
GSW,MIN,15胜50负,19胜45负,84:99
BKN,DAL,30胜34负,40胜27负,111:123
OKC,SAS,40胜24负,27胜36负,109:103
MEM,SAC,32胜33负,28胜36负,123:128
DET,LAC,20胜46负,44胜20负,112:126
POR,WAS,29胜37负,24胜40负,122:103
MIA,ORL,41胜24负,30胜35负,85:105
ATL,BOS,20胜47负,43胜21负,106:109
PHI,HOU,39胜26负,40胜24负,108:118
NYK,PHX,21胜45负,26胜39负,112:120
NOP,LAL,28胜36负,49胜14负,113:123
MEM,LAC,32胜33负,44胜20负,140:114
TOR,BKN,46胜18负,30胜34负,121:102
UTA,ORL,41胜23负,30胜35负,109:96
OKC,CLE,40胜24负,19胜46负,121:106
IND,ATL,39胜26负,20胜47负,111:116
BOS,CHI,43胜21负,22胜43负,111:104
DEN,WAS,43胜22负,24胜40负,114:128
DET,GSW,20胜46负,15胜50负,111:104
CHA,DAL,23胜42负,40胜27负,123:120
SAS,MIL,27胜36负,53胜12负,118:127
NOP,SAC,28胜36负,28胜36负,117:115
NYK,LAC,21胜45负,44胜20负,132:135
POR,MIA,29胜37负,41胜24负,111:122
MIN,CLE,19胜45负,19胜46负,118:103
MEM,PHX,32胜33负,26胜39负,121:114
DET,LAL,20胜46负,49胜14负,99:106
BKN,ORL,30胜34负,30胜35负,89:101
BOS,WAS,43胜21负,24胜40负,94:99
IND,CHA,39胜26负,23胜42负,115:104
OKC,PHI,40胜24负,39胜26负,113:120
DEN,ATL,43胜22负,20胜47负,123:115
UTA,NOP,41胜23负,28胜36负,128:126
CHI,DAL,22胜43负,40胜27负,110:118
MIL,SAS,53胜12负,27胜36负,104:126
GSW,SAC,15胜50负,28胜36负,98:111
POR,TOR,29胜37负,46胜18负,101:99
DET,CLE,20胜46负,19胜46负,115:113
OKC,BKN,40胜24负,30胜34负,111:103
MIN,MEM,19胜45负,32胜33负,112:119
SAC,PHX,28胜36负,26胜39负,114:103
NYK,LAL,21胜45负,49胜14负,87:117
WAS,ORL,24胜40负,30胜35负,89:123
MIA,IND,41胜24负,39胜26负,122:108
TOR,CHA,46胜18负,23胜42负,112:110
SAS,BOS,27胜36负,43胜21负,129:114
DEN,DAL,43胜22负,40胜27负,107:106
HOU,ATL,40胜24负,20胜47负,122:115
CHI,NOP,22胜43负,28胜36负,108:123
NYK,UTA,21胜45负,41胜23负,104:128
MIL,GSW,53胜12负,15胜50负,107:98
CLE,DET,19胜46负,20胜46负,115:112
BOS,PHI,43胜21负,39胜26负,98:109
POR,MIN,29胜37负,19胜45负,102:116
HOU,OKC,40胜24负,40胜24负,92:113
ATL,WAS,20胜47负,24胜40负,101:111
NOP,NYK,28胜36负,21胜45负,123:111
MIA,BKN,41胜24负,30胜34负,113:117
SAS,MEM,27胜36负,32胜33负,121:134
IND,CHI,39胜26负,22胜43负,116:105
ORL,PHX,30胜35负,26胜39负,94:98
CHA,UTA,23胜42负,41胜23负,92:109
LAL,DAL,49胜14负,40胜27负,129:114
MIL,SAC,53胜12负,28胜36负,127:106
GSW,LAC,15胜50负,44胜20负,100:109
MIN,HOU,19胜45负,40胜24负,109:139
NOP,BOS,28胜36负,43胜21负,105:140
CHI,DET,22胜43负,20胜46负,108:99
LAL,OKC,49胜14负,40胜24负,125:110
PHI,DAL,39胜26负,40胜27负,91:109
CLE,DEN,19胜46负,43胜22负,111:103
MIL,POR,53胜12负,29胜37负,122:101
MIA,NYK,41胜24负,21胜45负,121:124
UTA,WAS,41胜23负,24胜40负,127:116
GSW,MEM,15胜50负,32胜33负,102:122
SAS,TOR,27胜36负,46胜18负,105:104
ATL,BKN,20胜47负,30胜34负,86:108
CHA,PHX,23胜42负,26胜39负,92:100
LAC,DEN,44胜20负,43胜22负,104:114
PHI,IND,39胜26负,39胜26负,95:101
NOP,DET,28胜36负,20胜46负,117:110
CHI,BOS,22胜43负,43胜21负,101:113
OKC,MIN,40胜24负,19胜45负,117:104
ORL,SAC,30胜35负,28胜36负,114:112
CHA,POR,23胜42负,29胜37负,112:115
CLE,LAL,19胜46负,49胜14负,99:128
UTA,BKN,41胜23负,30胜34负,118:107
PHX,ATL,26胜39负,20胜47负,110:123
NYK,MIL,21胜45负,53胜12负,102:128
HOU,MEM,40胜24负,32胜33负,110:121
CLE,LAC,19胜46负,44胜20负,103:128
DAL,GSW,40胜27负,15胜50负,124:97
DET,BOS,20胜46负,43胜21负,116:103
BKN,PHI,30胜34负,39胜26负,106:117
SAS,MIA,27胜36负,41胜24负,100:106
WAS,CHI,24胜40负,22胜43负,106:115
IND,MIN,39胜26负,19胜45负,104:99
TOR,OKC,46胜18负,40胜24负,130:121
CHA,DEN,23胜42负,43胜22负,86:100
POR,HOU,29胜37负,40胜24负,117:107
DAL,SAC,40胜27负,28胜36负,127:123
ORL,LAL,30胜35负,49胜14负,119:118
PHX,NYK,26胜39负,21胜45负,121:98
UTA,NOP,41胜23负,28胜36负,132:138
BOS,MIL,43胜21负,53胜12负,123:128
ORL,LAC,30胜35负,44胜20负,95:122
DEN,GSW,43胜22负,15胜50负,134:131
CHI,PHI,22胜43负,39胜26负,89:100
WAS,TOR,24胜40负,46胜18负,111:140
MIN,IND,19胜45负,39胜26负,114:116
CLE,MEM,19胜46负,32胜33负,109:113
MIA,OKC,41胜24负,40胜24负,115:108
ATL,SAS,20胜47负,27胜36负,121:120
POR,DAL,29胜37负,40胜27负,112:120
LAC,NOP,44胜20负,28胜36负,133:130
MIL,BKN,53胜12负,30胜34负,117:97
PHX,BOS,26胜39负,43胜21负,123:119
DET,ATL,20胜46负,20胜47负,136:103
PHI,NYK,39胜26负,21胜45负,90:87
CLE,CHI,19胜46负,22胜43负,116:118
TOR,MIN,46胜18负,19胜45负,122:112
ORL,GSW,30胜35负,15胜50负,95:109
LAL,HOU,49胜14负,40胜24负,124:115
POR,OKC,29胜37负,40胜24负,106:119
SAC,UTA,28胜36负,41胜23负,101:123
MIA,SAS,41胜24负,27胜36负,102:107
IND,DEN,39胜26负,43胜22负,115:107
DET,WAS,20胜46负,24胜40负,100:106
TOR,ATL,46胜18负,20胜47负,122:117
PHI,BKN,39胜26负,30胜34负,117:111
ORL,CHA,30胜35负,23胜42负,106:83
NOP,MEM,28胜36负,32胜33负,126:116
NYK,CLE,21胜45负,19胜46负,106:86
CHI,MIL,22胜43负,53胜12负,98:111
SAC,MIA,28胜36负,41胜24负,113:118
OKC,HOU,40胜24负,40胜24负,112:107
LAL,BOS,49胜14负,43胜21负,107:139
DEN,MIN,43胜22负,19胜45负,107:100
SAS,PHX,27胜36负,26胜39负,120:118
IND,UTA,39胜26负,41胜23负,88:118
GSW,POR,15胜50负,29胜37负,124:129
LAC,DAL,44胜20负,40胜27负,110:107
SAC,DET,28胜36负,20胜46负,106:127
OKC,ORL,40胜24负,30胜35负,120:114
PHI,TOR,39胜26负,46胜18负,95:107
MEM,BOS,32胜33负,43胜21负,95:119
LAL,NYK,49胜14负,21胜45负,100:92
WAS,MIA,24胜40负,41胜24负,129:134
LAC,ATL,44胜20负,20胜47负,95:102
MIN,CHI,19胜45负,22胜43负,110:117
DEN,HOU,43胜22负,40胜24负,105:121
IND,PHX,39胜26负,26胜39负,112:87
SAS,NOP,27胜36负,28胜36负,121:117
UTA,GSW,41胜23负,15胜50负,129:96
WAS,CLE,24胜40负,19胜46负,124:112
LAL,BKN,49胜14负,30胜34负,128:113
DAL,POR,40胜27负,29胜37负,133:125
MIL,CHA,53胜12负,23胜42负,116:103
MEM,DET,32胜33负,20胜46负,125:112
BOS,ORL,43胜21负,30胜35负,109:98
TOR,NYK,46胜18负,21胜45负,118:112
LAC,MIA,44胜20负,41胜24负,122:117
SAC,CHI,28胜36负,22胜43负,98:81
DEN,NOP,43胜22负,28胜36负,113:106
ATL,OKC,20胜47负,40胜24负,111:140
HOU,MIN,40胜24负,19胜45负,131:124
PHX,SAS,26胜39负,27胜36负,103:99
IND,GSW,39胜26负,15胜50负,129:118
DAL,UTA,40胜27负,41胜23负,107:112
BKN,DET,30胜34负,20胜46负,121:111
OKC,MIN,40胜24负,19胜45负,113:104
CHI,CLE,22胜43负,19胜46负,118:106
LAL,PHI,49胜14负,39胜26负,91:108
HOU,DEN,40胜24负,43胜22负,110:117
TOR,SAS,46胜18负,27胜36负,110:106
BKN,NYK,30胜34负,21胜45负,97:110
PHX,MEM,26胜39负,32胜33负,109:114
BOS,NOP,43胜21负,28胜36负,108:123
WAS,ATL,24胜40负,20胜47负,133:152
LAC,ORL,44胜20负,30胜35负,112:97
IND,POR,39胜26负,29胜37负,129:139
CLE,DET,19胜46负,20胜46负,115:100
ORL,MIA,30胜35负,41胜24负,92:113
DAL,OKC,40胜27负,40胜24负,107:97
SAC,MIN,28胜36负,19胜45负,133:129
SAS,CHI,27胜36负,22胜43负,109:110
HOU,UTA,40胜24负,41胜23负,126:117
NYK,CHA,21胜45负,23胜42负,92:97
GSW,PHI,15胜50负,39胜26负,104:115
ATL,TOR,20胜47负,46胜18负,114:130
NOP,CLE,28胜36负,19胜46负,125:111
BOS,MIA,43胜21负,41胜24负,109:101
WAS,MIL,24胜40负,53胜12负,131:151
DEN,MEM,43胜22负,32胜33负,96:104
PHX,DAL,26胜39负,40胜27负,133:104
CHI,IND,22胜43负,39胜26负,106:115
DET,BKN,20胜46负,30胜34负,115:125
MEM,NYK,32胜33负,21胜45负,127:106
UTA,SAS,41胜23负,27胜36负,120:127
OKC,SAC,40胜24负,28胜36负,120:100
HOU,POR,40胜24负,29胜37负,112:125
CHA,WAS,23胜42负,24胜40负,107:121
TOR,CLE,46胜18负,19胜46负,115:109
PHI,ATL,39胜26负,20胜47负,117:127
GSW,BOS,15胜50负,43胜21负,104:119
UTA,DEN,41胜23负,43胜22负,100:106
SAC,LAC,28胜36负,44胜20负,124:103
TOR,DET,46胜18负,20胜46负,105:92
CHI,BKN,22胜43负,30胜34负,118:133
DAL,HOU,40胜27负,40胜24负,121:128
MEM,NOP,32胜33负,28胜36负,111:139
OKC,PHX,40胜24负,26胜39负,111:107
DEN,MIL,43胜22负,53胜12负,127:115
POR,LAL,29胜37负,49胜14负,127:119
MIN,LAC,19胜45负,44胜20负,106:118
NYK,IND,21胜45负,39胜26负,92:85
MIA,ORL,41胜24负,30胜35负,102:89
BKN,WAS,30胜34负,24胜40负,107:113
GSW,CLE,15胜50负,19胜46负,131:112
ATL,DAL,20胜47负,40胜27负,100:123
PHI,BOS,39胜26负,43胜21负,95:116
CHA,SAS,23胜42负,27胜36负,90:114
LAL,SAC,49胜14负,28胜36负,129:113
UTA,POR,41胜23负,29胜37负,107:124
DEN,DET,43胜22负,20胜46负,123:128
NOP,HOU,28胜36负,40胜24负,109:117
PHX,MIL,26胜39负,53胜12负,108:129
CHI,TOR,22胜43负,46胜18负,102:129
DAL,IND,40胜27负,39胜26负,112:103
ORL,CHA,30胜35负,23胜42负,112:100
NYK,CLE,21胜45负,19胜46负,139:134
GSW,WAS,15胜50负,24胜40负,125:117
BOS,ATL,43胜21负,20胜47负,123:115
PHX,BKN,26胜39负,30胜34负,97:119
PHI,MIA,39胜26负,41胜24负,106:137
DET,MEM,20胜46负,32胜33负,82:96
MIN,SAC,19胜45负,28胜36负,109:113
SAS,LAC,27胜36负,44胜20负,105:108
MIL,NOP,53胜12负,28胜36负,120:108
CHA,HOU,23胜42负,40胜24负,110:125
POR,DEN,29胜37负,43胜22负,99:127
SAS,LAL,27胜36负,49胜14负,102:129
PHX,DET,26胜39负,20胜46负,108:116
ORL,BOS,30胜35负,43胜21负,100:116
IND,TOR,39胜26负,46胜18负,118:119
GSW,BKN,15胜50负,30胜34负,88:129
CLE,OKC,19胜46负,40胜24负,103:109
ATL,MIN,20胜47负,19胜45负,127:120
MEM,DAL,32胜33负,40胜27负,121:107
DEN,UTA,43胜22负,41胜23负,98:95
MIA,LAC,41胜24负,44胜20负,111:128
ORL,NYK,30胜35负,21胜45负,103:105
NOP,CHI,28胜36负,22胜43负,125:119
PHI,MIL,39胜26负,53胜12负,101:112
SAS,POR,27胜36负,29胜37负,117:125
HOU,LAL,40胜24负,49胜14负,121:111
DAL,WAS,40胜27负,24胜40负,118:119
MEM,PHI,32胜33负,39胜26负,107:119
ATL,BOS,20胜47负,43胜21负,107:112
DET,OKC,20胜46负,40胜24负,101:108
TOR,IND,46胜18负,39胜26负,115:106
HOU,PHX,40胜24负,26胜39负,91:127
MIA,SAC,41胜24负,28胜36负,97:105
POR,UTA,29胜37负,41胜23负,114:117
MIL,ORL,53胜12负,30胜35负,111:95
NYK,DET,21胜45负,20胜46负,95:92
DAL,CHA,40胜27负,23胜42负,116:100
NOP,IND,28胜36负,39胜26负,124:117
BKN,TOR,30胜34负,46胜18负,118:119
LAC,MIN,44胜20负,19胜45负,115:142
LAL,GSW,49胜14负,15胜50负,125:120
DEN,PHX,43胜22负,26胜39负,117:108
SAS,SAC,27胜36负,28胜36负,102:122
BOS,OKC,43胜21负,40胜24负,112:111
MEM,WAS,32胜33负,24胜40负,106:99
NYK,ATL,21胜45负,20胜47负,135:140
CHI,PHI,22胜43负,39胜26负,111:118
UTA,HOU,41胜23负,40胜24负,114:113
LAC,CLE,44胜20负,19胜46负,133:92
MIA,POR,41胜24负,29胜37负,109:115
CHA,DET,23胜42负,20胜46负,87:76
BKN,IND,30胜34负,39胜26负,106:105
ATL,ORL,20胜47负,30胜35负,126:135
MIN,TOR,19胜45负,46胜18负,126:137
SAC,MIL,28胜36负,53胜12负,111:123
UTA,DAL,41胜23负,40胜27负,123:119
SAS,DEN,27胜36负,43胜22负,120:127
PHX,LAL,26胜39负,49胜14负,100:125
MIA,GSW,41胜24负,15胜50负,113:101
LAC,PHI,44胜20负,39胜26负,103:110
CHI,WAS,22胜43负,24胜40负,114:126
SAS,OKC,27胜36负,40胜24负,114:106
POR,NOP,29胜37负,28胜36负,117:138
BOS,HOU,43胜21负,40胜24负,105:116
DET,ORL,20胜46负,30胜35负,112:116
ATL,CLE,20胜47负,19胜46负,105:127
TOR,BKN,46胜18负,30胜34负,91:101
MIL,IND,53胜12负,39胜26负,111:118
WAS,NYK,24胜40负,21胜45负,114:96
POR,MEM,29胜37负,32胜33负,104:111
CHA,MIN,23胜42负,19胜45负,115:108
SAC,DAL,28胜36负,40胜27负,111:130
MIA,UTA,41胜24负,41胜23负,101:116
GSW,PHX,15胜50负,26胜39负,106:112
LAL,DEN,49胜14负,43胜22负,120:116
LAC,BOS,44胜20负,43胜21负,133:141
OKC,NOP,40胜24负,28胜36负,123:118
MIL,DET,53胜12负,20胜46负,126:106
MIA,ATL,41胜24负,20胜47负,124:129
CHA,CHI,23胜42负,22胜43负,103:93
BKN,PHI,30胜34负,39胜26负,104:112
MEM,SAC,32胜33负,28胜36负,125:129
HOU,GSW,40胜24负,15胜50负,135:105
DAL,ORL,40胜27负,30胜35负,122:106
CLE,WAS,19胜46负,24胜40负,113:108
IND,NYK,39胜26负,21胜45负,106:98
PHX,TOR,26胜39负,46胜18负,101:118
DEN,OKC,43胜22负,40胜24负,101:113
BOS,MIN,43胜21负,19胜45负,127:117
SAS,UTA,27胜36负,41胜23负,113:104
NOP,POR,28胜36负,29胜37负,128:115
MEM,LAL,32胜33负,49胜14负,105:117
SAC,LAC,28胜36负,44胜20负,112:103
BKN,CHA,30胜34负,23胜42负,115:86
DAL,ATL,40胜27负,20胜47负,107:111
PHX,CHI,26胜39负,22胜43负,112:104
CLE,MIA,19胜46负,41胜24负,105:124
PHI,MIL,39胜26负,53胜12负,98:119
HOU,UTA,40胜24负,41胜23负,120:110
BOS,LAL,43胜21负,49胜14负,112:114
MIN,DEN,19胜45负,43胜22负,116:128
IND,TOR,39胜26负,46胜18负,81:127
SAS,OKC,27胜36负,40胜24负,103:131
WAS,CHI,24胜40负,22胜43负,117:126
NOP,GSW,28胜36负,15胜50负,115:101
DET,POR,20胜46负,29胜37负,104:107
MIA,CLE,41胜24负,19胜46负,119:125
MIL,WAS,53胜12负,24胜40负,137:134
ATL,PHI,20胜47负,39胜26负,112:129
ORL,BKN,30胜35负,30胜34负,115:113
NYK,HOU,21胜45负,40胜24负,112:123
MIN,DAL,19胜45负,40胜27负,123:139
PHX,UTA,26胜39负,41胜23负,131:111
MEM,LAC,32胜33负,44胜20负,97:124
CHA,IND,23胜42负,39胜26负,80:119
MIL,TOR,53胜12负,46胜18负,108:97
OKC,CHI,40胜24负,22胜43负,124:122
DET,DEN,20胜46负,43胜22负,98:115
NOP,LAL,28胜36负,49胜14负,109:118
BOS,POR,43胜21负,29胜37负,118:106
SAC,GSW,28胜36负,15胜50负,112:94
BKN,WAS,30胜34负,24胜40负,106:110
PHI,CLE,39胜26负,19胜46负,94:108
NYK,CHA,21胜45负,23胜42负,101:107
MIN,MIA,19胜45负,41胜24负,129:126
ORL,ATL,30胜35负,20胜47负,130:120
MEM,HOU,32胜33负,40胜24负,112:140
DAL,SAS,40胜27负,27胜36负,109:103
LAC,PHX,44胜20负,26胜39负,102:92
BOS,UTA,43胜21负,41胜23负,114:103
NYK,PHI,21胜45负,39胜26负,106:115
SAC,OKC,28胜36负,40胜24负,108:112
POR,IND,29胜37负,39胜26负,100:106
LAL,GSW,49胜14负,15胜50负,116:86
MIN,ORL,19胜45负,30胜35负,125:136
BKN,ATL,30胜34负,20胜47负,118:141
CHA,TOR,23胜42负,46胜18负,99:96
DAL,MIA,40胜27负,41胜24负,118:126
SAC,MEM,28胜36负,32胜33负,104:101
CLE,NOP,19胜46负,28胜36负,104:116
OKC,MIL,40胜24负,53胜12负,86:133
WAS,UTA,24胜40负,41胜23负,119:129
DET,PHX,20胜46负,26胜39负,113:111
DEN,LAC,43胜22负,44胜20负,103:132
CHI,NYK,22胜43负,21胜45负,115:125
BKN,MIA,30胜34负,41胜24负,113:116
POR,ATL,29胜37负,20胜47负,117:129
LAL,MEM,49胜14负,32胜33负,88:105
IND,CLE,39胜26负,19胜46负,113:104
ORL,SAS,30胜35负,27胜36负,113:114
HOU,BOS,40胜24负,43胜21负,111:110
GSW,PHX,15胜50负,26胜39负,115:99
MIL,CHA,53胜12负,23胜42负,93:85
PHI,LAC,39胜26负,44胜20负,130:136
DAL,MIN,40胜27负,19胜45负,111:91
TOR,DEN,46胜18负,43胜22负,118:133
DET,SAC,20胜46负,28胜36负,100:106
LAL,NOP,49胜14负,28胜36负,122:114
WAS,GSW,24胜40负,15胜50负,124:110
POR,ORL,29胜37负,30胜35负,130:107
UTA,CLE,41胜23负,19胜46负,126:113
HOU,NYK,40胜24负,21胜45负,123:125
MIL,MIA,53胜12负,41胜24负,89:105
MEM,ATL,32胜33负,20胜47负,127:88
DAL,CHI,40胜27负,22胜43负,107:109
IND,SAS,39胜26负,27胜36负,116:111
SAS,CHA,27胜36负,23胜42负,104:103
BKN,BOS,30胜34负,43胜21负,129:120
LAC,OKC,44胜20负,40胜24负,109:94
MIN,NOP,19胜45负,28胜36负,139:134
GSW,DEN,15胜50负,43胜22负,116:100
TOR,PHX,46胜18负,26胜39负,123:114
WAS,SAC,24胜40负,28胜36负,126:133
PHI,LAL,39胜26负,49胜14负,107:120
BOS,CLE,43胜21负,19胜46负,112:106
OKC,DET,40胜24负,20胜46负,114:107
IND,MIL,39胜26负,53胜12负,100:119
ORL,MIA,30胜35负,41胜24负,113:116
UTA,NYK,41胜23负,21胜45负,112:104
MEM,BKN,32胜33负,30胜34负,118:79
CHI,MIN,22胜43负,19胜45负,108:115
NOP,DAL,28胜36负,40胜27负,123:127
WAS,POR,24胜40负,29胜37负,104:125
DEN,CHA,43胜22负,23胜42负,114:112
LAC,HOU,44胜20负,40胜24负,120:105
PHI,SAC,39胜26负,28胜36负,125:108
TOR,GSW,46胜18负,15胜50负,121:113
ATL,WAS,20胜47负,24胜40负,112:118
SAS,BKN,27胜36负,30胜34负,120:139
OKC,NYK,40胜24负,21胜45负,126:103
ORL,MIN,30胜35负,19胜45负,132:118
IND,CHI,39胜26负,22胜43负,108:102
MIA,NOP,41胜24负,28胜36负,104:110
UTA,BOS,41胜23负,43胜21负,99:94
MEM,DAL,32胜33负,40胜27负,96:121
POR,PHX,29胜37负,26胜39负,117:127
MIL,LAL,53胜12负,49胜14负,103:113
HOU,CHA,40胜24负,23胜42负,99:108
UTA,DET,41胜23负,20胜46负,111:105
DEN,CLE,43胜22负,19胜46负,102:104
ATL,MEM,20胜47负,32胜33负,101:118
PHI,GSW,39胜26负,15胜50负,114:118
SAC,POR,28胜36负,29胜37负,123:111
CHI,BKN,22胜43负,30胜34负,107:110
LAL,LAC,49胜14负,44胜20负,112:103
NOP,MIN,28胜36负,19胜45负,120:107
OKC,BOS,40胜24负,43胜21负,105:104
MIL,PHX,53胜12负,26胜39负,131:140
IND,DAL,39胜26负,40胜27负,112:109
MIA,WAS,41胜24负,24胜40负,100:89
ORL,HOU,30胜35负,40胜24负,126:106
DET,NYK,20胜46负,21胜45负,84:96
SAS,CLE,27胜36负,19胜46负,129:132
TOR,SAC,46胜18负,28胜36负,118:113
CHA,ATL,23胜42负,20胜47负,138:143
MIL,DEN,53胜12负,43胜22负,95:109
TOR,UTA,46胜18负,41胜23负,101:92
NYK,WAS,21胜45负,24胜40负,115:122
BOS,IND,43胜21负,39胜26负,114:111
CLE,CHI,19胜46负,22胜43负,103:108
ORL,MEM,30胜35负,32胜33负,120:115
DAL,SAS,40胜27负,27胜36负,109:119
MIN,HOU,19胜45负,40胜24负,111:117
PHX,POR,26胜39负,29胜37负,105:121
BKN,LAL,30胜34负,49胜14负,104:102
LAC,GSW,44胜20负,15胜50负,131:107
DET,PHI,20胜46负,39胜26负,106:124
CHA,MIA,23胜42负,41胜24负,109:98
NYK,ATL,21胜45负,20胜47负,136:131
DEN,DAL,43胜22负,40胜27负,97:113
UTA,NOP,41胜23负,28胜36负,106:104
LAC,LAL,44胜20负,49胜14负,101:103
ORL,BKN,30胜35负,30胜34负,128:118
MEM,POR,32胜33负,29胜37负,135:140
PHX,WAS,26胜39负,24胜40负,125:112
BOS,MIL,43胜21负,53胜12负,112:119
SAC,SAS,28胜36负,27胜36负,120:129
HOU,DAL,40胜24负,40胜27负,153:149
MIA,DEN,41胜24负,43胜22负,125:105
UTA,OKC,41胜23负,40胜24负,94:110
NOP,LAC,28胜36负,44胜20负,103:126
PHI,IND,39胜26负,39胜26负,121:127
LAL,TOR,49胜14负,46胜18负,92:107
WAS,BKN,24胜40负,30胜34负,110:118
POR,BOS,29胜37负,43胜21负,124:128
SAS,MEM,27胜36负,32胜33负,108:106
SAC,ORL,28胜36负,30胜35负,116:132
MIL,HOU,53胜12负,40胜24负,116:120
DAL,PHX,40胜27负,26胜39负,115:117
TOR,MIA,46胜18负,41胜24负,107:103
IND,WAS,39胜26负,24胜40负,111:100
DEN,OKC,43胜22负,40胜24负,121:113
MEM,NOP,32胜33负,28胜36负,99:109
SAS,PHI,27胜36负,39胜26负,130:132
LAL,UTA,49胜14负,41胜23负,116:108
BKN,MIL,30胜34负,53胜12负,119:116
DAL,SAC,40胜27负,28胜36负,114:110
PHX,LAC,26胜39负,44胜20负,117:115
ORL,IND,30胜35负,39胜26负,109:120
BOS,MIA,43胜21负,41胜24负,106:112
HOU,POR,40胜24负,29胜37负,102:110
MEM,UTA,32胜33负,41胜23负,115:124
DEN,SAS,43胜22负,27胜36负,132:126
PHI,WAS,39胜26负,24胜40负,107:98
OKC,LAL,40胜24负,49胜14负,105:86
TOR,ORL,46胜18负,30胜35负,109:99
BKN,BOS,30胜34负,43胜21负,115:149
NOP,SAC,28胜36负,28胜36负,125:140
IND,PHX,39胜26负,26胜39负,99:114
MIA,MIL,41胜24负,53胜12负,116:130
LAC,DAL,44胜20负,40胜27负,126:111
POR,DEN,29胜37负,43胜22负,125:115
LAL,HOU,49胜14负,40胜24负,97:113
UTA,SAS,41胜23负,27胜36负,111:119
OKC,MEM,40胜24负,32胜33负,92:121
SAC,BKN,28胜36负,30胜34负,106:119
ORL,PHI,30胜35负,39胜26负,101:108
WAS,NOP,24胜40负,28胜36负,107:118
BOS,TOR,43胜21负,46胜18负,122:100
LAC,POR,44胜20负,29胜37负,122:117
UTA,DEN,41胜23负,43胜22负,132:134
LAL,IND,49胜14负,39胜26负,111:116
PHX,MIA,26胜39负,41胜24负,119:112
MIL,DAL,53胜12负,40胜27负,132:136
WAS,OKC,24胜40负,40胜24负,103:121
MEM,TOR,32胜33负,46胜18负,99:108
SAS,NOP,27胜36负,28胜36负,122:113
ORL,BOS,30胜35负,43胜21负,119:122
PHI,POR,39胜26负,29胜37负,121:124
HOU,SAC,40胜24负,28胜36负,129:112
BKN,LAC,30胜34负,44胜20负,129:120
OKC,PHX,40胜24负,26胜39负,101:128
DAL,UTA,40胜27负,41胜23负,122:114
TOR,MIL,46胜18负,53胜12负,114:106
IND,MIA,39胜26负,41胜24负,92:114
DEN,LAL,43胜22负,49胜14负,121:124
BKN,ORL,30胜34负,30胜35负,108:96
HOU,SAS,40胜24负,27胜36负,105:123
PHX,PHI,26胜39负,39胜26负,130:117
BOS,MEM,43胜21负,32胜33负,122:107
POR,DAL,29胜37负,40胜27负,134:131
MIL,WAS,53胜12负,24胜40负,126:113
NOP,SAC,28胜36负,28胜36负,106:112
IND,HOU,39胜26负,40胜24负,108:104
TOR,PHI,46胜18负,39胜26负,125:121
MIA,OKC,41胜24负,40胜24负,115:116
LAC,DEN,44胜20负,43胜22负,124:111
WAS,BOS,24胜40负,43胜21负,96:90
SAC,LAL,28胜36负,49胜14负,136:122
MIL,MEM,53胜12负,32胜33负,106:119
DAL,PHX,40胜27负,26胜39负,102:128
SAS,UTA,27胜36负,41胜23负,112:118
POR,BKN,29胜37负,30胜34负,134:133
NOP,ORL,28胜36负,30胜35负,127:133
DEN,TOR,43胜22负,46胜18负,109:117
MIA,IND,41胜24负,39胜26负,92:109
OKC,LAC,40胜24负,44胜20负,103:107
PHI,HOU,39胜26负,40胜24负,134:96
MEM,POR,32胜33负,29胜37负,122:126
UTA,DEN,41胜23负,43胜22负,125:135
BKN,TOR,30胜34负,46胜18负,110:134
PHI,BOS,39胜26负,43胜21负,101:109
DAL,LAC,40胜27负,44胜20负,110:118
ORL,MIL,30胜35负,53胜12负,122:110
MIA,IND,41胜24负,39胜26负,113:101
OKC,HOU,40胜24负,40胜24负,108:123
POR,LAL,29胜37负,49胜14负,100:93
BKN,TOR,30胜34负,46胜18负,99:104
UTA,DEN,41胜23负,43胜22负,124:105
PHI,BOS,39胜26负,43胜21负,101:128
DAL,LAC,40胜27负,44胜20负,127:114
MIA,IND,41胜24负,39胜26负,109:100
OKC,HOU,40胜24负,40胜24负,98:111
ORL,MIL,30胜35负,53胜12负,96:111
POR,LAL,29胜37负,49胜14负,88:111
TOR,BKN,46胜18负,30胜34负,117:92
DEN,UTA,43胜22负,41胜23负,87:124
BOS,PHI,43胜21负,39胜26负,102:94
LAC,DAL,44胜20负,40胜27负,130:122
MIL,ORL,53胜12负,30胜35负,121:107
IND,MIA,39胜26负,41胜24负,115:124
HOU,OKC,40胜24负,40胜24负,107:119
LAL,POR,49胜14负,29胜37负,116:108
BOS,PHI,43胜21负,39胜26负,110:106
LAC,DAL,44胜20负,40胜27负,133:135
TOR,BKN,46胜18负,30胜34负,150:122
DEN,UTA,43胜22负,41胜23负,127:129
MIL,ORL,53胜12负,30胜35负,121:106
HOU,OKC,40胜24负,40胜24负,114:117
IND,MIA,39胜26负,41胜24负,87:99
LAL,POR,49胜14负,29胜37负,135:115
UTA,DEN,41胜23负,43胜22负,107:117
DAL,LAC,40胜27负,44胜20负,111:154
ORL,MIL,30胜35负,53胜12负,104:118
OKC,HOU,40胜24负,40胜24负,80:114
POR,LAL,29胜37负,49胜14负,122:131
BOS,TOR,43胜21负,46胜18负,112:94
LAC,DAL,44胜20负,40胜27负,111:97
DEN,UTA,43胜22负,41胜23负,119:107
MIA,MIL,41胜24负,53胜12负,115:104
HOU,OKC,40胜24负,40胜24负,100:104
BOS,TOR,43胜21负,46胜18负,102:99
UTA,DEN,41胜23负,43胜22负,78:80
MIA,MIL,41胜24负,53胜12负,116:114
OKC,HOU,40胜24负,40胜24负,102:104
TOR,BOS,46胜18负,43胜21负,104:103
DEN,LAC,43胜22负,44胜20负,97:120
MIL,MIA,53胜12负,41胜24负,100:115
HOU,LAL,40胜24负,49胜14负,112:97
TOR,BOS,46胜18负,43胜21负,100:93
DEN,LAC,43胜22负,44胜20负,110:101
MIL,MIA,53胜12负,41胜24负,118:115
HOU,LAL,40胜24负,49胜14负,109:117
BOS,TOR,43胜21负,46胜18负,111:89
LAC,DEN,44胜20负,43胜22负,113:107
MIA,MIL,41胜24负,53胜12负,103:94
LAL,HOU,49胜14负,40胜24负,112:102
TOR,BOS,46胜18负,43胜21负,125:122
LAC,DEN,44胜20负,43胜22负,96:85
LAL,HOU,49胜14负,40胜24负,110:100
DEN,LAC,43胜22负,44胜20负,111:105
BOS,TOR,43胜21负,46胜18负,92:87
HOU,LAL,40胜24负,49胜14负,96:119
LAC,DEN,44胜20负,43胜22负,98:111
MIA,BOS,41胜24负,43胜21负,117:114
DEN,LAC,43胜22负,44胜20负,104:89
MIA,BOS,41胜24负,43胜21负,106:101
DEN,LAL,43胜22负,49胜14负,114:126
BOS,MIA,43胜21负,41胜24负,117:106
DEN,LAL,43胜22负,49胜14负,103:105
LAL,DEN,49胜14负,43胜22负,106:114
BOS,MIA,43胜21负,41胜24负,109:112
LAL,DEN,49胜14负,43胜22负,114:108
MIA,BOS,41胜24负,43胜21负,108:121
DEN,LAL,43胜22负,49胜14负,107:117
BOS,MIA,43胜21负,41胜24负,113:125
MIA,LAL,41胜24负,49胜14负,98:116
MIA,LAL,41胜24负,49胜14负,114:124
LAL,MIA,49胜14负,41胜24负,104:115
LAL,MIA,49胜14负,41胜24负,102:96
MIA,LAL,41胜24负,49胜14负,111:108
LAL,MIA,49胜14负,41胜24负,106:93
ORL,ATL,30胜35负,20胜47负,116:112
NYK,DET,21胜45负,20胜46负,90:84
HOU,CHI,40胜24负,22胜43负,125:104
LAC,LAL,44胜20负,49胜14负,81:87
SAC,POR,28胜36负,29胜37负,102:127
IND,CLE,39胜26负,19胜46负,104:107
TOR,CHA,46胜18负,23胜42负,111:100
OKC,SAS,40胜24负,27胜36负,121:108
DAL,MIL,40胜27负,53胜12负,112:102
MEM,MIN,32胜33负,19胜45负,107:105
DEN,GSW,43胜22负,15胜50负,105:107
PHX,UTA,26胜39负,41胜23负,105:119
ORL,ATL,30胜35负,20胜47负,107:116
WAS,BKN,24胜40负,30胜34负,114:119
NYK,DET,21胜45负,20胜46负,91:99
HOU,CHI,40胜24负,22胜43负,91:104
LAC,LAL,44胜20负,49胜14负,106:131
SAC,POR,28胜36负,29胜37负,121:106
IND,CLE,39胜26负,19胜46负,106:116
TOR,CHA,46胜18负,23胜42负,112:109
NOP,MIA,28胜36负,41胜24负,114:92
MEM,MIN,32胜33负,19胜45负,123:104
DAL,MIL,40胜27负,53胜12负,128:112
PHX,UTA,26胜39负,41胜23负,92:111
BOS,PHI,43胜21负,39胜26负,99:108
SAS,HOU,27胜36负,40胜24负,98:112
GSW,SAC,15胜50负,28胜36负,113:114
CLE,NYK,19胜46负,21胜45负,93:100
CHI,OKC,22胜43负,40胜24负,124:103
POR,DEN,29胜37负,43胜22负,95:126
LAL,PHX,49胜14负,26胜39负,112:107
